"0","Rive di Collato","random","false","!"
"1","Alatus Blend","Art","false","1"
"2","Oro De Tolo","Art","false","2"
"3","Masseria Surani Helios","Drinks","true","3"
"4","Olho de Mocho","Drinks","true","4"
"5","Magnifico","Drinks","false","!"
"6","Masso Tratta","Food","false","6"
"7","Avonlea","Food","false","7"
"8","Champ Gain","Art","true","8"
"9","Clos de la Commaraine Premier Cru","random","false","!"
"10","Buissonnier","Food","true","10"
"11","Alma Grande Reserva","Food","false","11"
"12","Le Sec du Clos","Drinks","false","!"
"13","Kaaimansgat Limited Edition","Drinks","true","!"
"14","The Bully","Drinks","false","!"
"15","Temperamento","Food","false","15"
"16","Bendigo Single Vineyard","Food","false","16"
"17","Liebenberg Federspiel","Food","false","!"
"18","Prelude","Art","false","!"
"19","JRG Red","random","false","!"
"20","El Pájaro Rojo","Art","true","!"
"21","Domaine la Soufrandière Climat les Quarts","Drinks","true","21"
"22","Dry Land","random","true","!"
"23","San Román","Drinks","true","!"
"24","Proprietor's Reserve Otis Vineyard","Food","false","24"
"25","Mercenary Glenrose Vineyard","Drinks","true","25"
"26","Patergarten","Art","false","26"
"27","Deer Gate","Art","true","27"
"28","Reserve Olivet","Food","false","28"
"29","Redwood's Edge","Drinks","true","!"
"30","Chloe's Breeze","Art","true","!"
"31","Unfiltered Old Vines","Art","true","31"
"32","Three Sons Cuvee","random","true","!"
"33","Mae's Vineyard","Drinks","true","!"
"34","Schug Estate","Food","true","!"
"35","Malleolus de Valderramiro","Drinks","true","35"
"36","Roseum Huerhuero","Food","false","!"
"37","Ribbon Ridge Estate Dry","Food","true","!"
"38","L'Enchanteur de Vray Croix de Gay","Drinks","true","38"
"39","Very Old Single Harvest","Drinks","true","!"
"40","Guttenberg","random","true","40"
"41","La Croix Boisée","Food","true","!"
"42","Lola Red","Art","false","42"
"43","Engelberg Grand Cru","Drinks","true","43"
"44","Virgola","Food","true","44"
"45","Znovín Znojmo","Drinks","false","45"
"46","Beachfront","random","true","!"
"47","Titiana Brut Pansa Blanca","Food","true","!"
"48","Domaine du Seuil","Art","false","!"
"49","Fiddlestix Vineyard The Barn Find","random","true","!"
"50","Luziafeld","random","false","50"
"51","Mont-Avril","Art","false","51"
"52","Maldoror","Drinks","true","52"
"53","Palpito","Food","false","!"
"54","Coleccion 125 Blanco Fermentado en Barrica","Art","true","!"
"55","Honoris de Valdubón","random","false","55"
"56","Juliard","Art","true","56"
"57","Seven Oaks","random","false","!"
"58","De Chanceny Rosé Brut","Food","true","58"
"59","Encontro Special Cuvée Bruto","Drinks","true","!"
"60","Biberius","random","false","60"
"61","Amerique","Food","false","61"
"62","Clos Triguedina Blanc Sec Vin de Lune","Food","true","62"
"63","Uncle Roget's","Food","false","!"
"64","Josephshöfer Spätlese","random","false","!"
"65","Marqués de Rodil Especial Palo Cortado","Food","false","65"
"66","Signature","Art","false","!"
"67","Breaking Ground","random","true","!"
"68","La Serra","Drinks","true","68"
"69","Nipozzano Vecchie Viti Riserva","random","false","!"
"70","Royal Red","Drinks","true","!"
"71","Axia Syrah Xinomavro","Food","true","!"
"72","On Point","Drinks","false","72"
"73","Outis Bianco","Drinks","true","73"
"74","Home Ranch Teldeschi Vineyards Century Old Vine","random","true","!"
"75","Nova Domus Riserva","Art","false","!"
"76","Zeiseneck","Art","true","76"
"77","Amorani","Food","true","77"
"78","Vigneto Fracia","Food","true","!"
"79","Les Grès","Drinks","false","79"
"80","Behind the Black Curtain Reserve","Art","true","80"
"81","Bellacana Vineyard","random","false","81"
"82","De l'Orée Ermitage","Drinks","true","82"
"83","Kiedrich Gräfenberg Auslese","Art","true","!"
"84","Cuvée Colette","Drinks","false","84"
"85","La Secrète","Art","false","!"
"86","Clos Mathis","Art","true","!"
"87","Cerretalto","Art","true","!"
"88","Gannon Vineyard","Art","false","88"
"89","Dineen Vineyard","Drinks","false","!"
"90","Famiglia Bianchi","random","true","!"
"91","The Shearer","Art","true","!"
"92","Chafandin","Art","false","92"
"93","Vi de Visciola","Art","false","!"
"94","Les Terres du Sud Viellies Vignes","Food","false","94"
"95","Nina's Cuvée","Art","false","!"
"96","Cambium","random","true","96"
"97","Dreambird","random","true","97"
"98","Champ de Mars","Art","true","!"
"99","La Muria","random","true","!"
"100","Castillo de Gormaz Crianza","Food","true","!"
"101","Tribute Estate Riverbend Vineyard","Food","false","!"
"102","Les Sables","Food","false","102"
"103","Les Sarres","random","false","!"
"104","Château d'Aydie","random","true","104"
"105","J&S; Reserve","Drinks","false","!"
"106","Unico Reserva Especial","random","true","106"
"107","Klipsun Vineyard","Food","true","!"
"108","Eagle Peak","random","true","!"
"109","Challen","random","false","109"
"110","Tardío Late Harvest","Drinks","true","!"
"111","Nicolas Reserve","Drinks","true","!"
"112","Kirchberg de Barr Grand Cru Clos Gaensbroennel","random","false","112"
"113","Townsend Vineyard","Drinks","true","113"
"114","La Chardonneraie","Drinks","false","114"
"115","Goat Trek Vineyard Block 6","random","false","115"
"116","Viña Salort Reserva","random","true","!"
"117","The Brasher Block Old Vine","Food","false","117"
"118","Artist Series Verna's Vineyard","Art","true","!"
"119","Nielsen Vineyard","Art","true","119"
"120","Millecento Riserva","Art","false","!"
"121","Little Yering","Food","true","!"
"122","Ferlingot","Drinks","true","!"
"123","Il Repertorio","Art","true","123"
"124","Special Reserve Ruby","Art","true","!"
"125","Les Murgers Premier Cru","random","false","125"
"126","Abtsberg Alte Reben Trocken","Food","true","!"
"127","Caractère","random","true","127"
"128","Papà Celso","random","false","128"
"129","Black St. Peters","Drinks","true","!"
"130","Reserva Upland Vineyard","Drinks","false","130"
"131","Tenuta di Budonetto Terre di Ottavia","Art","true","131"
"132","Laurelwood Blend","Art","false","132"
"133","Kick-On Ranch","random","false","!"
"134","Como Blanca","Drinks","true","!"
"135","Twelve Falls Estate Grown","Art","false","!"
"136","Aero Bos","Food","false","136"
"137","Laumersheimer Kapellenberg Kabinett Trocken","Drinks","false","!"
"138","Eola-Amity Hills Select","Drinks","false","138"
"139","La Entrada","Food","false","139"
"140","La Demoiselle de Bourgeois","random","true","!"
"141","Mt. Harlan Cuvée","random","true","!"
"142","Carodorum Issos Crianza","Food","true","142"
"143","Desiderio Jeio Brut","Food","false","!"
"144","Lot 246","random","false","!"
"145","N'Anticchia","Food","false","145"
"146","Ancestor Selections Vineyard","Food","false","!"
"147","Obsidian Ridge Vineyard Reserve","random","false","!"
"148","Hilliard Bruce Vineyard","Drinks","true","148"
"149","424 Red Blend","random","false","!"
"150","La Source","random","false","!"
"151","Pilosdoro","Food","true","151"
"152","The Great Amarolo","Art","true","!"
"153","Francesco Iacono Dosaggio Zero Riserva","Drinks","true","153"
"154","Compendium","Art","true","!"
"155","Capocolle","random","false","!"
"156","Grande Sendrée Brut","Food","false","!"
"157","Extra Brut Cuvée Réserve","Food","false","!"
"158","MonTald","Food","false","158"
"159","Les Abeilles","random","true","159"
"160","Renaissance","Art","false","!"
"161","Block 6 Reserve La Vista Vineyard","Art","true","!"
"162","Herrenberg Superior","Art","true","162"
"163","Sensation","Art","true","!"
"164","Axel Primero","Drinks","false","!"
"165","La Foia","Drinks","true","!"
"166","Morgado Santa Catherina","Drinks","true","!"
"167","1955 Extra Dry","Art","false","!"
"168","Crocera","Drinks","true","!"
"169","Pago Negralada","random","true","169"
"170","Harmony","Art","false","!"
"171","Sauvignon Blanc-Sémillon","Food","true","171"
"172","Simpson Ridge","Art","false","172"
"173","Le Grand-Pere Estate Grown","Art","false","!"
"174","Estate Made with Organic Grapes","Food","true","174"
"175","Château des Bachelards","Drinks","false","!"
"176","Coteau de la Biche Sec","Drinks","true","176"
"177","Sommelier Quality Fifty-Fifty","Drinks","true","!"
"178","Bella Vigna","Art","false","178"
"179","Alma de Vino","Food","true","!"
"180","Reserve Marchigüe Estate","random","true","!"
"181","Il Prosecco","Drinks","false","181"
"182","Indian Valley Vineyard","random","true","182"
"183","Syrah-Garnacha Tinta-Carignan","Art","false","!"
"184","Cabernet Sauvignon-Malbec-Merlot","Drinks","false","184"
"185","Eternity Sparkling Cuvée","Food","false","185"
"186","Musician's Jack Rabbit Flat Vineyard","Food","false","186"
"187","Transformation Proprietary Blend","random","true","187"
"188","El Circo Acróbata","Art","false","!"
"189","Avesso & Azal","Drinks","true","189"
"190","Angela's Cuvee","Food","true","190"
"191","Sundance Vineyard","random","true","191"
"192","Furnace Mountain Dry","random","true","!"
"193","Evangelo","random","false","!"
"194","Villa Grand Cap","Art","false","!"
"195","Three Palms Vineyard","random","true","195"
"196","Bridão Reserva Tinto","Food","false","196"
"197","M Smaragd","Food","true","197"
"198","Eco Made From Organic Grapes","Food","false","!"
"199","Barrel 16","random","false","!"
"200","Will's Hill Vineyard","random","true","200"
"201","Río Negro","Art","true","!"
"202","Complexity","Art","true","!"
"203","Aliwen Reserva","Art","false","203"
"204","Lot 140","random","true","204"
"205","Bunan Selection","Art","false","!"
"206","Morgeot","Food","true","!"
"207","Haynes Vineyard","Art","false","207"
"208","Castell de Raimat","Food","true","!"
"209","Dovev Single Vineyard","Food","false","209"
"210","Val Saint-Gregoire","Art","true","!"
"211","Long Valley Red Limited Estate Reserve","Food","false","211"
"212","Destiny Ridge Vineyard ‘Shepherd's Mark'","Art","false","212"
"213","Extra Brut Late Disgorged Reserve Cuvée","Art","true","!"
"214","Borges Quinta da Soalheira","Food","true","214"
"215","Lot 1 Auction Reserve","random","false","!"
"216","Vorgeschmack","Art","false","216"
"217","Companhia das Lezírias Catapereiro Tinto","random","true","217"
"218","Clos des Mouches Premier Cru","random","false","218"
"219","Treborce Reserve","Food","false","219"
"220","Domaine Drouhin-Vaudon Premier Cru","Drinks","false","!"
"221","Brilliant White Wine","Drinks","true","221"
"222","Kiedrich Gräfenberg Erstes Gewächs Trocken","random","false","!"
"223","Yountville Selection","Food","true","223"
"224","Gran Reserva Limited Edition","Food","false","!"
"225","Timnah Bloc","Food","true","225"
"226","Quarantacinque Riserva","Art","true","!"
"227","Spring Creek","Art","true","!"
"228","Winery Exclusive","random","false","228"
"229","Vale da Mata","random","true","229"
"230","River Road","random","false","!"
"231","Vitalba in Anfora","random","true","231"
"232","Oh! Biarnesa","Drinks","true","!"
"233","Munjebel Rosso 9","random","false","233"
"234","Boschi dei Signori","random","false","234"
"235","Erminia De Meo","Drinks","true","235"
"236","Chevalier de Saint-André","Drinks","true","236"
"237","Santa Teresa d'Avila Homenagem","Food","true","!"
"238","Side Saddle","Drinks","false","!"
"239","O'Neel Vineyard","Drinks","true","239"
"240","Estate Home Ranch","Food","false","240"
"241","Meia Pipa Private Selection Castelão-Syrah","random","false","!"
"242","Dolç Organic","random","false","242"
"243","Private Reserve Don Melchor","Art","false","!"
"244","Graham Family Vineyard","Art","false","!"
"245","The Soloist","Food","true","!"
"246","Essenzia di Caiarossa","Art","true","246"
"247","Navarrouge","Food","true","!"
"248","Casot Riserva","random","true","248"
"249","La Rocca e la Pira Riserva","Drinks","false","!"
"250","The Blend","Art","true","!"
"251","Miraval Extra Dry Millesimato","Art","false","251"
"252","Les Pêcherines Vieilles Vignes Premier Cru Brut","Art","false","!"
"253","QV Tinto","Food","true","253"
"254","Santa Digna Reserve","Food","true","254"
"255","Rosé Dry","Drinks","true","255"
"256","Rondell St. Magdalener","Art","false","256"
"257","Iselis Bianco","Art","false","257"
"258","Dryfarmed Old Vine","Drinks","true","258"
"259","Grace Dry Blaufränkisch","Food","true","259"
"260","Vaillon Premier Cru","random","false","!"
"261","One Toe Duck","random","false","261"
"262","Lareith","random","true","!"
"263","La Solatia","Food","true","!"
"264","Florières","Drinks","false","!"
"265","Brut Nature Reserva","random","true","265"
"266","Vermentino del marchese","random","true","!"
"267","Telfryn & Calder","Drinks","false","!"
"268","Sancerre","Drinks","false","268"
"269","Duque de Medina Reserva Old Vine","Art","false","!"
"270","12 Clones","Art","true","270"
"271","Estate Coccineous","random","false","271"
"272","Eric's Small Lot","Art","true","!"
"273","Vigneto Cerequio","Food","true","!"
"274","Brut Millesimato Motus Vitae","random","true","!"
"275","Grosse Lage","Art","true","275"
"276","Loiser Berg","Food","true","276"
"277","Verga Collection","Art","true","277"
"278","Abafado 5 years","Drinks","false","!"
"279","Domaine Sainte-Claire","Drinks","true","279"
"280","Il Bosco di Grazia Riserva","Art","true","280"
"281","Monte Alentejano Branco","random","false","!"
"282","Manso de Velasco Viñas Viejas","Drinks","true","282"
"283","Guardiola","Art","true","!"
"284","Les Bouffants","random","true","!"
"285","Paterno","Food","true","!"
"286","Bin 568 Late Harvest","random","true","!"
"287","Nine Vines Grenache-Shiraz","Drinks","true","287"
"288","The Renaissance of","Art","true","288"
"289","Rutherford Bench Reserve","Food","true","289"
"290","Les Algrots Premier Cru","random","false","290"
"291","Winemaker's Selection","Food","true","!"
"292","Bacchus Vineyard","random","false","292"
"293","Bougros Côte Bouguerots Grand Cru","Food","false","!"
"294","Riserva Vigna Flaminio","random","true","294"
"295","Selección Reserva","Art","false","!"
"296","Mill Station Road","Drinks","true","296"
"297","La Gran Blend","Drinks","false","297"
"298","Junge Reben Kabinett Trocken","Drinks","false","298"
"299","Vintage Estate Dessert Wine Wilridge Vineyard","Drinks","false","!"
"300","Colle di Giove","Art","true","!"
"301","Fior di Ginestre Passito 500ml","Art","true","301"
"302","Vitisterra Grand Reserve","Food","true","!"
"303","Plenipotentiary Estate Grown","Food","true","!"
"304","Turbidity Current","Art","true","!"
"305","Iron Hill Vineyard","Art","false","!"
"306","Crianza Selected Harvest","Drinks","false","306"
"307","La Costa Riserva","Drinks","false","307"
"308","Brousseau Vineyard","Drinks","false","308"
"309","Cuvée Pillebourse","random","true","309"
"310","James Berry Vineyard","Art","false","!"
"311","Kirchberg","Food","false","311"
"312","Hrumki Syrah Melnik 55 Mourvèdre Marselan","Drinks","true","!"
"313","Meridia","Drinks","true","313"
"314","Poor Ranch Vineyards","Drinks","true","!"
"315","Brand Grand Cru","Food","true","!"
"316","Barrel Fermented Reserve","Food","false","!"
"317","Clos de la Vieille Chaussée Anne de Bretagne","random","true","!"
"318","La Coulée du Méridien","Art","false","318"
"319","Sea Mist Single Site","Food","true","319"
"320","Evel Reserva","Food","false","320"
"321","Frank Johnson","Drinks","false","!"
"322","Le Ghiaie","Art","true","322"
"323","Casteller Reitsteig","Art","false","323"
"324","Arleyna","random","true","324"
"325","Pinot Noir Brut Reserva Rosé","Art","false","!"
"326","Silver Eagle Vineyard","Art","true","326"
"327","Cassiopeia Wentzel Vineyard Clone 115","random","true","327"
"328","Fromm Vineyard","Art","false","!"
"329","Torricella","Food","false","!"
"330","Marín Old Vine","Art","false","!"
"331","Aubry de Humbert Brut","Art","false","331"
"332","Le Marigny","Drinks","true","332"
"333","Little Fawn","Drinks","false","!"
"334","Vinum Pro Virtus Aresenal","Drinks","false","!"
"335","Les Vieux Murs","Food","true","335"
"336","3 Bastards","Art","false","336"
"337","Chiaramanti","Art","false","337"
"338","Tinto 6 Meses en Barrica","random","true","!"
"339","Adriano White Reserva","Drinks","true","339"
"340","Altavilla della Corte","Drinks","false","!"
"341","Soldier's Block Vineyard","random","false","!"
"342","Réjouissant","Food","false","342"
"343","Cebada Vineyards Rose of","Drinks","true","!"
"344","Garassino","Drinks","true","344"
"345","Te Rehua Single Vineyard","random","false","345"
"346","Estate Grown Sunset VIneyard","Art","true","346"
"347","Erbacher Steinmorgen Auslese","Art","false","347"
"348","Lester Family Vineyard","Art","true","348"
"349","Seraphim","Drinks","true","!"
"350","Monte Mayor Branco","random","false","350"
"351","Crimson & Clover Reserve","Food","false","!"
"352","Valley View VIneyard","Food","false","!"
"353","Special Reserve Kosher","Drinks","false","353"
"354","Talitha Cumi Bloc in Prayer Rock Vineyards","Food","true","!"
"355","Vaucluse","Art","true","355"
"356","Comondor","Food","false","!"
"357","Goulée de Cos d'Estournel","random","true","!"
"358","Yasmin Red","Drinks","false","!"
"359","Alessandro Vineyard","random","false","359"
"360","White Satin","Art","false","360"
"361","Riserva Cent'Anni","Art","true","361"
"362","8 by Château les Valentines","Food","false","!"
"363","Semi Seco","Art","true","363"
"364","Marquès de Borba","random","false","364"
"365","Bergulé","Food","false","365"
"366","Trasolo","Drinks","false","366"
"367","St. Jakobi Single Vineyard","Food","false","367"
"368","Clos Bernarde Rosé de 1ère Taille","Drinks","true","!"
"369","Vintage Brut Rosé","Art","false","!"
"370","Identité","Food","true","!"
"371","Amador Zinfandel","random","true","371"
"372","Mischief","Food","false","372"
"373","Alpha One Unfiltered","Drinks","false","373"
"374","You be the judge!","Drinks","true","374"
"375","Brut LD","Art","true","!"
"376","Big Bend Reserve","Drinks","true","376"
"377","Pedregal","Food","true","377"
"378","Argeo Brut","Drinks","false","!"
"379","Les Renardes","Food","true","379"
"380","Gold Seal Vineyards","Drinks","false","380"
"381","Gran Reserva Assemblage","Art","false","381"
"382","Falcoaria Branco","Drinks","false","!"
"383","GB del Maggio","Food","true","!"
"384","Aithos Rosso","Art","true","!"
"385","Give Me Five By Javier Rodriguez","random","true","385"
"386","Crazy Creek Vineyard Estate Bottled","Drinks","false","!"
"387","Hedone Rosso","random","true","!"
"388","Baruffo","Art","true","!"
"389","Lady Hawk","Food","false","389"
"390","Casa de Vinas, Micro-Lot Reserve","random","false","390"
"391","The Pict","Art","true","!"
"392","Herdade de São Miguel Art.Terra Amphora Branco","Art","true","!"
"393","Vom Berg","Drinks","true","393"
"394","Apiliotis","Drinks","true","394"
"395","Terre d'Apollon","Food","false","395"
"396","Falcoaria Clássico","Food","true","396"
"397","Chaponnière","Food","false","!"
"398","Willi & Vincent","random","false","398"
"399","Réserve Francis Courselle","Art","false","399"
"400","Proprietor's  Cuvée","Drinks","true","400"
"401","Once Upon a Time Szamorodni Sweet","Art","true","401"
"402","Esporão Colheita","Food","false","!"
"403","Limited Edition Canyon Vineyard Ranch","Food","true","403"
"404","L'Exception","Food","true","404"
"405","Thatcher Bay Vineyard","Food","false","405"
"406","L'Estro del Mastro 500 ml","random","false","!"
"407","Tenuta Ibidini","Food","false","407"
"408","Bricco Rocca Tistot Riserva","Food","true","!"
"409","Casa Ermelinda Freitas Monte da Baía Branco","Art","false","!"
"410","First Growth","random","true","!"
"411","Serie Riberas Gran Reserva Ribera del Maule","Art","true","!"
"412","Citrine","random","false","!"
"413","Blue Eye","Drinks","true","!"
"414","Sophie de Rollat","Drinks","true","414"
"415","Bien Nacido VIneyard","Food","false","415"
"416","Los Cardos","Food","true","!"
"417","Macaw Aromatic Soft","Art","false","!"
"418","Nimbus Estate Single Vineyard","Drinks","false","!"
"419","Omaggio a Quintino Sella","Drinks","false","419"
"420","Montrevenots Premier Cru","Art","true","420"
"421","Nativo Estate","Food","true","!"
"422","Sideral","random","true","!"
"423","Special Release Reserva","Food","true","423"
"424","Molera Extra Dry","Food","true","!"
"425","Ab Ericio","Food","true","!"
"426","Gemstone Vineyard","random","true","426"
"427","Benchmark","random","false","!"
"428","Kopar Cuvée","Drinks","false","!"
"429","Weinbau Vineyard Block 10","random","true","!"
"430","Moulin des Costes","random","false","!"
"431","Joyau de France Brut Rosé","random","false","!"
"432","Humphreys Vineyard","random","false","!"
"433","Vers Pouilly","random","true","433"
"434","Baldero","random","true","434"
"435","Chiantari","Art","false","!"
"436","Il Carbonaione","random","true","436"
"437","Atisis Cornell","Food","false","437"
"438","Akiko's Cuvee","Food","true","!"
"439","Stone Cairn","random","true","439"
"440","Prestige Cuvée Brut","random","false","!"
"441","Vigna di Pallino","random","false","!"
"442","Royal Reserve","Drinks","false","442"
"443","Gilgal White","random","true","443"
"444","Storm King Red","Food","false","444"
"445","The Divining Rod","Drinks","false","445"
"446","Floodgate Vineyard Rock Hill","Food","true","446"
"447","Putnam Vineyard Pinot de Ville","Drinks","false","447"
"448","Inattendue Extra Brut Blanc de Blancs","random","true","448"
"449","Pfaffenberg","random","true","449"
"450","Piesporter Goldtröpfchen Erste Lage Kabinett","Art","false","!"
"451","Fino Muy Seco","Art","true","!"
"452","Maple Station Estate Grown","Food","false","!"
"453","Vigna Serraboella","Food","false","453"
"454","La Pilar","random","true","!"
"455","Pavo Real","random","true","!"
"456","L'Aristocratico","Drinks","true","!"
"457","Ros de Pacs Organic Farming Cabernet-Merlot-Syrah","Drinks","true","!"
"458","Il Nostro","random","false","458"
"459","Dutton Ranch Morelli Lane Vineyard","Art","true","459"
"460","Clos de la Folie","Art","true","460"
"461","Massaccio","Art","true","461"
"462","Ultimus","Art","true","462"
"463","Gran Ricardo","Art","false","463"
"464","Pinot for Paws","Art","false","464"
"465","Podere Il Caio","Food","true","!"
"466","Cuvée Indigène","Food","true","!"
"467","Nectar de Carneros Sweet","Food","false","!"
"468","La Bolida","random","true","!"
"469","Contado","Food","true","469"
"470","Slate Hill","random","false","!"
"471","Ungsteiner Herrenberg Spätlese","random","false","471"
"472","Blanc de Noirs Brut","random","true","!"
"473","Serie Magno Gran Reserva","Food","true","!"
"474","Ghost Winery","Drinks","false","!"
"475","Clos Triguedina Malbec","random","false","475"
"476","Baroque","Food","true","476"
"477","Dutton Palms Vineyard","Drinks","false","!"
"478","Ronc di Juri","random","true","478"
"479","Portada Branco","Art","true","479"
"480","Buntsandstein Trocken","Food","false","!"
"481","Deep Sea","Art","false","481"
"482","Blue Groove","random","false","!"
"483","Carolina Marengo per KISA","Drinks","false","!"
"484","La Vista Vineyard","Art","true","484"
"485","A la Percenette","Food","true","485"
"486","Tradition Rosé Brut","random","false","!"
"487","Ried Steinsetz Reserve","Art","false","!"
"488","Richard Sauret Vineyard","Food","false","!"
"489","Indian Springs Ranch Vineyard","Art","true","!"
"490","Paso Rouge Alto Pomar Vineyard","Food","true","!"
"491","Château Terrebonne Coeur de Cuvée","Food","true","491"
"492","Gran Tonel 137","random","true","492"
"493","Sonoma Coast Blend","Art","false","!"
"494","Atrevida","Food","true","!"
"495","Giuliani Vineyard","random","false","495"
"496","Rosé de Bonnet","Drinks","true","496"
"497","Amalie's Cuvée","Art","false","!"
"498","Maple Vineyard","Food","false","498"
"499","Malhadinha Branco","Drinks","false","499"
"500","The Prologue Sparkling Pinot Noir-Chardonnay","Drinks","true","500"
"501","Hat Trick","Drinks","false","501"
"502","Jubilée","Art","false","!"
"503","Gaudo al Melo Rosso","Food","false","503"
"504","La Fiole","random","true","504"
"505","Rosa di Fonterenza","Art","false","505"
"506","Gorgeous Syrah Destiny Ridge Vineyard","Art","false","506"
"507","Bien Nacido Vineyard ZB","Food","false","507"
"508","Stella Mae Red","Food","false","!"
"509","Alte Reben DAC Reserve","Art","true","!"
"510","Bergera Pezzole","Art","false","!"
"511","St Andrews","Food","false","511"
"512","Black Ridge Vineyards","random","false","!"
"513","Reserve Newburg Vineyard","random","false","513"
"514","Clérostein Pinot Noir","Drinks","false","!"
"515","La Masía Don Miguel Vineyard","Food","false","515"
"516","Reverence Vineyard","random","true","516"
"517","Vinha da Francesca","Food","true","517"
"518","Domus Giulii","Food","false","!"
"519","Ribbon Vale","Art","true","!"
"520","Stephanus","Drinks","false","!"
"521","Tondre H Block","Drinks","true","!"
"522","Saggio Series X","random","true","!"
"523","The Icon","Food","true","!"
"524","Vent d'Ange","random","true","!"
"525","Ava's Crush","random","true","!"
"526","Espadeiro","Drinks","true","526"
"527","Poggio ai Chiari","random","false","!"
"528","Larson Vineyard","random","true","528"
"529","Chapter VII","Food","false","!"
"530","La Vallée des Vignes","Art","false","530"
"531","Fino Dos Palmas","random","true","!"
"532","Single Estate","Art","true","!"
"533","Altemura","Art","true","!"
"534","Dutton Ranch Jewell Vineyard Reserve","Drinks","false","!"
"535","Carte d'Or Brut","Art","true","535"
"536","Brut Art Deco","Food","true","536"
"537","Villa Bossi Riserva","Food","false","537"
"538","Silvaspoons Vineyards","Drinks","false","538"
"539","lot 533 Limestone Cowboy","Drinks","false","539"
"540","MCK Motor City Kitty","random","true","540"
"541","Vermentino-Chardonnay","Drinks","false","!"
"542","Smoky Nor'wester Red Willow Vineyard","Art","false","542"
"543","Clos Marguerite Massaut","Food","false","!"
"544","Aubry de Humbert Premier Cru Brut","random","false","!"
"545","Le Blanc","random","true","545"
"546","Le Campanelle","random","false","!"
"547","Grand Cras  Vieilles Vignes","Drinks","false","547"
"548","Domäne Gobelsburg Grüner Veltliner","Art","false","!"
"549","Wy'East Vineyard","Food","true","549"
"550","Conders Forest","Food","true","!"
"551","Monte Sereno Vineyard","Art","true","551"
"552","Terre di Giumara","Drinks","false","552"
"553","Johanneshöhe","Drinks","false","553"
"554","Mitans Premier Cru","Drinks","true","554"
"555","Cash Allen","Food","false","!"
"556","Les Sybarites","Art","true","556"
"557","Vigneti Sant'Helena","Drinks","false","!"
"558","Rolling Stone Grenache","random","true","!"
"559","Zéro Extra Brut","random","false","!"
"560","Symmetry Red","Food","true","!"
"561","Tovo Al Pigno","Drinks","true","561"
"562","Top of the Hill","Drinks","true","562"
"563","Le Mandorlae","Art","false","563"
"564","20 Barrels Limited Edition Peralillo Estate","Drinks","true","564"
"565","Colección Vivanco Parcelas de","Art","false","565"
"566","Syrah-Xinomavro","random","false","566"
"567","Trie Spéciale","Food","true","!"
"568","Poggio de' Colli","Food","true","568"
"569","Rapsani Reserve","random","true","569"
"570","Lassia Select","Food","true","570"
"571","La Grande Cuvée des Edvins","Drinks","true","571"
"572","Family Reserve Generations","random","true","!"
"573","3 Puttonyos Aszú","Drinks","false","573"
"574","Santenots","random","true","!"
"575","Don Tommaso Gran Selezione","random","true","!"
"576","El Vínculo","random","false","576"
"577","Poggionotte","Food","true","!"
"578","Alessandra","Food","false","!"
"579","Silver Label","random","false","!"
"580","Michelini Sammartino Calcáreo Granito de Tupungato","random","false","!"
"581","Southeast Block","random","false","581"
"582","Red Willow Vineyard Ex Animo","Drinks","false","!"
"583","Estate Club Select","Food","true","583"
"584","Oberemmeler Hütte Spätlese","random","true","584"
"585","Terre di San Leonardo","random","false","585"
"586","Red Willow Vineyard Clonal Block","Food","true","586"
"587","Reserve du Couvent","Drinks","true","!"
"588","La Mandria del Pari","Food","false","!"
"589","Cariddi","Food","false","589"
"590","Swiss Colina","random","true","590"
"591","Miros de Ribera Reserva","Art","false","!"
"592","Cuvée 1907","Food","false","!"
"593","Rosé Dolores Brut","Drinks","false","!"
"594","Profundo","Art","false","!"
"595","Nocturne City Lights Demi-Sec","Art","true","595"
"596","Lo Sbrancato Rosato","Food","false","!"
"597","Fred Estate","Food","true","597"
"598","Cuvée Elodie","Food","true","598"
"599","Idle Hands","Food","true","!"
"600","Pam de Nas","Drinks","false","!"
"601","Mephisto","random","false","!"
"602","Cool As Well Blanc de Blancs Brut","Art","false","!"
"603","Kalkofen","Drinks","false","603"
"604","Bernkasteler Badstube Beerenauslese","Drinks","false","!"
"605","Horne Ranch","Food","false","605"
"606","Terra Incognita","Art","true","!"
"607","Ox Block","Food","false","!"
"608","Vale da Poupa Field Blend Biologico","Drinks","false","!"
"609","Marquês de Marialva Reserva","Art","false","!"
"610","Mont Elise Vineyard","random","false","!"
"611","Remolinos Vineyard Mini Ediciones","Food","false","611"
"612","Bridão Clássico Branco","Drinks","false","!"
"613","Mourvèdre","random","false","!"
"614","Pegos Claros Vinhas Velhas Reserva","Food","true","614"
"615","Bue Apis","Food","false","615"
"616","Vintner's Blend #9 Red Table Wine","Art","true","!"
"617","Old Corral","Drinks","false","!"
"618","Mézes Mály Aszú 6 Puttonyos","random","false","618"
"619","Cheval Rouge","Drinks","false","619"
"620","La Lena","random","false","!"
"621","Stonetree Vineyard","random","false","!"
"622","Sorriso","Food","true","622"
"623","Urban Maule","random","true","!"
"624","Robinson","Food","false","!"
"625","Goldert Gueberschwihr Grand Cru","Drinks","true","625"
"626","Proprietor's Reserve Blend","Food","false","626"
"627","Kollmütz Smaragd","Food","true","627"
"628","Negre Franc","Art","false","628"
"629","Manzana Vineyard","random","false","!"
"630","Singerriedel Smaragd","Drinks","false","!"
"631","Château de Lavernette","Drinks","true","!"
"632","Els Ameliers","Art","true","!"
"633","Big Bad Zin","Art","true","!"
"634","Back Seat Blonde","Drinks","false","!"
"635","Henry's Blend","Drinks","true","!"
"636","Bragger","Drinks","false","!"
"637","Bianco di Ceparano","random","true","!"
"638","Mort's Block Watervale","random","true","638"
"639","Ipso Zuc di Volpe","random","true","639"
"640","Foundry","random","true","!"
"641","Roche Volcanique","Food","true","!"
"642","Emmaline Ann Vineyard","Food","true","642"
"643","Les Porrets Saint-Georges Premier Cru","random","false","643"
"644","Q do E Encontro Preto Branco Reserva","Art","false","644"
"645","Somontes","Food","true","!"
"646","L'Emozione","Drinks","true","!"
"647","Oakley Eighty-Two","Food","false","!"
"648","Quinta Generación","random","true","648"
"649","Lot #37 Maipo Alto","Food","true","649"
"650","La Crémant de Clément Brut","Art","false","650"
"651","Vinha Padre Pedro Reserva Viognier-Arinto","Art","true","!"
"652","Campora","random","true","652"
"653","Saint-Jean-de-la-Porte","Art","false","653"
"654","Single Vineyard La Coupelle","random","true","654"
"655","Pallaretta","Art","false","655"
"656","Rosato Secco","random","false","656"
"657","Proprietor's Reserve Ottimo","Art","true","!"
"658","Yverdon Vineyard Estate","random","true","658"
"659","Lonehawk","Drinks","true","659"
"660","Terra de Fic 2","Art","false","660"
"661","Reserve Barrancas Vineyards","Art","false","!"
"662","Merida Del Part Vineyard","Drinks","false","662"
"663","Fleurs de Savagnin","Food","true","!"
"664","Founder's Selection","Food","false","!"
"665","Rinaldi Vineyard","Drinks","true","!"
"666","25 Barricas","Art","false","!"
"667","Don Feli","Food","true","!"
"668","Alves Vieira Branco","Art","true","668"
"669","Two Storms","random","false","669"
"670","Rouge Du Tusque","Food","false","!"
"671","Nubiola","Food","true","!"
"672","El Primavera","Art","false","!"
"673","Potelle Two","random","true","673"
"674","Georges III Vineyard","Drinks","true","674"
"675","Infinie","Drinks","false","!"
"676","Bodacious Brunette","Food","true","676"
"677","Stoney Vine Vineyard","Food","true","!"
"678","Passionnément Sur Lie","random","false","678"
"679","Cuvée des Lys Brut Blanc de Blancs","Drinks","true","679"
"680","Accerto","Drinks","false","680"
"681","Zotzenberg Grand Cru","random","false","681"
"682","Niederberger","Art","true","682"
"683","Vintage Extra Brut","Drinks","true","683"
"684","Der Königsberg","random","false","684"
"685","Agiorgitiko by Gaia","Drinks","false","!"
"686","Come un volo","Food","true","!"
"687","Bolney Bubbly","random","false","!"
"688","Artisan Collection","random","false","688"
"689","Ca' Fiui","Food","false","!"
"690","Silex Cuvée Maxime","Food","true","!"
"691","Maschio dei Cavalieri Brut Rive di Colbertaldo","Drinks","true","691"
"692","Prestige 50 Amontillado Viejísimo","random","false","!"
"693","West Vineyard Tradizionale","Art","true","!"
"694","Yacochuya","random","true","!"
"695","Schrazhofberger Spätlese","Drinks","false","!"
"696","Grande Vadio","Food","false","!"
"697","Il Costone","Art","false","697"
"698","Milesimé Brut Reserva","Food","false","!"
"699","Vinas 3","Drinks","true","!"
"700","Clifton Vineyard","Food","false","700"
"701","Chemin de Fer","Art","false","!"
"702","Rosé Metodo Classico","random","true","!"
"703","Cuvée Luke Saralee's Vineyard","Food","true","703"
"704","Condesa Real Premium Blend","Drinks","true","!"
"705","Bergweingarten","Food","false","!"
"706","Les Gourmands Rouge","Art","true","706"
"707","Dry White","Food","true","707"
"708","Vineyard Creations","Drinks","false","708"
"709","Merlettaie","Art","false","709"
"710","Lunarae","Food","true","710"
"711","The King's Favour Waihopai","random","false","711"
"712","Catarina","random","false","!"
"713","River's Edge","Drinks","true","713"
"714","Tenuta Col Santago Undici","Art","true","!"
"715","Winemaker's Reserve Peters Vineyard","Drinks","true","!"
"716","Sarmentu","random","true","!"
"717","Riserva Famiglia Zingarelli","Art","false","717"
"718","Impronta","random","false","718"
"719","Conceito","random","false","!"
"720","Cuvée Montesquieu","Food","false","720"
"721","Crazy Creek Reserve","Art","true","!"
"722","Perwolff","Food","false","!"
"723","Brand Grand Cru Vieilles Vignes","Art","false","!"
"724","Sottocastello","Food","true","!"
"725","Carl Reserve","Art","true","725"
"726","Saulheimer Kalkstein Trocken","Drinks","false","726"
"727","Frisson d'Automne","random","false","727"
"728","La Traversagna","Food","true","728"
"729","Whistling Hills Estate Vineyard","Art","true","!"
"730","La Prohibición","random","true","730"
"731","Cuvée Trockenbeerenauslese","Art","false","!"
"732","Red Paintbrush","Food","false","!"
"733","Dundee Hills Vineyards","random","false","733"
"734","Schafleiten","random","true","734"
"735","Due Figli","random","true","735"
"736","Gaudium Gran Vino","random","false","!"
"737","Prélude Grands Crus Brut","Drinks","false","!"
"738","Podere della Sala","Art","false","!"
"739","Rhône de Robles","Art","true","739"
"740","Crios Rosé of","Drinks","true","740"
"741","de Pressée","Drinks","true","741"
"742","Chevalier Famaey","random","true","!"
"743","Momentos Reserva","Art","true","!"
"744","Neipperger Schlossberg Spätlese","random","true","744"
"745","Weir Vineyard Méthode Ancienne","random","false","!"
"746","Saint-Albert","Art","false","746"
"747","Pruno Riserva","Food","true","!"
"748","Monte San Piero","Drinks","true","748"
"749","Le Petit","Food","false","749"
"750","Château Belles Eaux Les Coteaux","random","false","750"
"751","Saulheimer Hölle Trockenbeerenauslese","random","true","!"
"752","Morisoli Vineyard","Food","false","!"
"753","La Grenouille Sur Lie","Art","false","753"
"754","C.C. Ranch","random","false","754"
"755","Braunberger Juffer-Sonnenuhr Spatlëse","Drinks","true","!"
"756","Tenuta Nuova","Food","true","756"
"757","Peqeuno João","Food","true","!"
"758","Cuvée Fashion","Food","true","758"
"759","Erbacher Michelmark Erste Lage","Food","false","!"
"760","Coste di Rose Riserva","Drinks","false","760"
"761","Jardinu","Drinks","true","!"
"762","Bien Nacido Vineyard Reserve","Drinks","true","!"
"763","Mattern Ranch","Art","false","763"
"764","Vigna 'Ngena","Drinks","false","!"
"765","Russian Oak","Food","true","765"
"766","Donna Ernestina 18","Drinks","true","!"
"767","Ruisseau","Art","false","!"
"768","Grower's Collection","Art","true","768"
"769","Ruben's Block","Drinks","true","!"
"770","Clone 7 Estate Grown","Drinks","true","770"
"771","Antaeus","Drinks","true","771"
"772","Block Two West","Food","false","!"
"773","Rosalack Auslese","Drinks","false","773"
"774","Brut Réference","random","true","774"
"775","Sarmento Vineyard","Drinks","true","775"
"776","Clisos Crianza","random","false","776"
"777","E16 Selection","Art","true","777"
"778","Famiglia Zingarelli","random","true","!"
"779","Z Cuvee","random","true","!"
"780","Rosé Majeur Brut","Drinks","false","!"
"781","Chloé Extra Brut","random","false","!"
"782","Solist Altenberg","Drinks","true","782"
"783","Frankenstein","random","false","783"
"784","Clos de la Commarine Premier Cru","Food","false","784"
"785","Les Epinets","random","true","!"
"786","Qualité Extra Brut","Food","false","786"
"787","Marly Domaine Hamelin","random","true","787"
"788","Lab Reserva","Drinks","false","!"
"789","Encontro Brut Tinto","Food","false","!"
"790","Passrì di Scrapona","random","true","!"
"791","Auslese Sweet","Drinks","true","!"
"792","Reserva Chardonay","Food","false","792"
"793","Grand Cru Blanc de Blancs Chouilly Brut","Food","true","!"
"794","Pinot Populus","Drinks","false","!"
"795","Caverio","Drinks","true","!"
"796","Cuvée Dagobert","Drinks","false","796"
"797","Méthode Champenoise Brut","Art","false","!"
"798","Ventale","Art","false","!"
"799","Force de Fleurs","Food","true","799"
"800","Vecchio Moro","Drinks","true","!"
"801","Butler Vineyard","Drinks","true","801"
"802","M.C.K. Motor City Kitty","random","true","802"
"803","The Secret","Art","false","803"
"804","Nik. Weis Selection","Art","true","!"
"805","Caravan","random","false","!"
"806","Companhia das Lezírias Catapereiro Reserva","Drinks","true","806"
"807","Clásico Crianza","Drinks","true","807"
"808","Private Bin Unoaked","Art","true","808"
"809","Diecicoppe","Drinks","true","809"
"810","Chiaramonte","Art","true","810"
"811","Génération Dix-Neuf","Drinks","true","811"
"812","L'Odysée Minérale Sur Lie","random","false","812"
"813","Spoletino","Food","true","813"
"814","Chesapeake","Food","false","!"
"815","Algunas Dias Single Vineyard","Drinks","false","815"
"816","Grand'Arte Chardonnay","Drinks","true","816"
"817","Penny Lane Vineyard","Art","true","!"
"818","The Conqueror Klipsun Vineyards","Drinks","true","818"
"819","Rangen de Thann Grand Cru Clos Saint-Théobald","random","true","!"
"820","Directors' Cut","Art","false","!"
"821","Two Vineyard","Art","true","!"
"822","Quid Pro Quo Reserva","random","true","!"
"823","Nectar des Bertrands","Food","true","823"
"824","Brut Sélection","Art","false","824"
"825","Poética Rosé","Drinks","true","!"
"826","Öreg Kiraly Dulo Mad","Drinks","false","!"
"827","VieVité","Food","true","!"
"828","Metoxi X Single Vineyard Xinomavro-Limnio-Cabernet Sauvignon","Drinks","true","!"
"829","Ronc di Jury","Food","true","829"
"830","Naggiar Vineyards","Food","false","830"
"831","Verbiage Blanc","Art","false","!"
"832","Valle d'Oro","Food","true","832"
"833","M. Vigna","Food","false","833"
"834","Vintner's Collection Reserve","Art","false","834"
"835","Sausaler","Food","false","!"
"836","Apogee Red Table Wine","Drinks","true","!"
"837","Amber Ridge Vineyard","Drinks","true","837"
"838","Katherine Corkrum","Art","true","838"
"839","Gualtallary","random","true","839"
"840","Milbrandt","random","true","840"
"841","Aerial Series Block D","Food","false","841"
"842","Merlot de Sainte-Barbe","Drinks","false","842"
"843","Passetemps Premier Cru","Food","false","!"
"844","Asinone","random","true","844"
"845","Podere Monte Maggiore","random","true","845"
"846","Freedom Hill Vineyard","random","false","!"
"847","Sur Lies","Drinks","true","847"
"848","The Big Easy","Food","false","848"
"849","Pinot Noir Cécile","Drinks","false","849"
"850","Brightview","Art","false","!"
"851","Espionage Bon Niche Vineyard","random","false","!"
"852","De Silva","Food","true","852"
"853","Serraboella Riserva","Art","true","!"
"854","Amon-Ra Unfiltered","random","false","854"
"855","The Pixie","Drinks","false","855"
"856","Canoe Ridge Vineyard","Drinks","true","!"
"857","Reserva do Comendador","Art","false","857"
"858","Riserva della Famiglia","Drinks","false","858"
"859","Coucherias Premier Cru","random","false","859"
"860","Prova d'Autore","Food","true","860"
"861","Twelve Barrels","Drinks","true","!"
"862","Abymes Cuvée Gastronomie","random","false","!"
"863","Gáudio Clássico Reserva","random","true","863"
"864","Besoleil","Food","false","!"
"865","Terroirs Brut Rosé","Art","false","!"
"866","La Colina Vineyard Dundee Hills","Art","true","!"
"867","Red Tail Vineyard","Food","true","867"
"868","Curva del Vescovo","Art","false","!"
"869","Kadette","Drinks","false","869"
"870","Rosé Impérial Brut","Art","true","870"
"871","Grosse Reserve","random","true","!"
"872","Lupi e Sirene","Food","true","872"
"873","Lawson Ranch","Drinks","false","!"
"874","Clos Triguedina Petites Cailles","Art","true","!"
"875","Les Amours","Art","true","!"
"876","Colle dei Venti","Food","true","876"
"877","Brolo delle Giare Riserva","Drinks","true","877"
"878","Crianza 1998","Art","true","878"
"879","Bricco San Biagio","Food","false","!"
"880","Selecció","Food","true","880"
"881","Villa de Corullón","Food","false","!"
"882","Rosato di","Art","false","!"
"883","Les Mondes Rondes","random","false","!"
"884","L'Epinet","random","true","884"
"885","Carrément Rouge","Drinks","false","885"
"886","Alma Semillon-Viognier-Pinot Gris","Art","false","886"
"887","Rediviva of the Stones Red","Art","false","887"
"888","Loibner Kreutles Smaragd","Drinks","true","!"
"889","'Na Vota","random","false","!"
"890","Vigna Fiorini Vendemmia Tardiva","Art","false","890"
"891","Limitado","Drinks","true","!"
"892","Trois Terres","random","true","!"
"893","Cat Amongst the Pigeons Nine Lives","random","false","!"
"894","Haut-Marin Cuvée Marine","Food","false","894"
"895","Les Collines","random","false","895"
"896","The Family Secret Indian Springs Ranch","Food","true","!"
"897","Extra Dry Particella 68","Food","false","!"
"898","Arbin Le Coteau d'Albert","Food","false","898"
"899","Garnacha Cabernet","Drinks","true","899"
"900","Cuvée Tenuta Val de Brun Extra Dry","Food","false","900"
"901","Millénaire","Food","true","901"
"902","Three-Four","random","false","902"
"903","Saulheimer Réserve Trocken","Food","true","!"
"904","Victoire","Art","false","904"
"905","Los Chamizal Vineyard","random","true","905"
"906","Hauts-Marconnets Premier Cru","random","false","!"
"907","Headshrinker Sweet Red Blend","random","false","907"
"908","Terra de Promissio Vineyard","Drinks","false","908"
"909","Moscato","random","false","909"
"910","Torre d'Orti Pastoria","Art","false","910"
"911","Foggy Mountain","Drinks","false","!"
"912","Pinot Noir-Merlot","random","false","912"
"913","Jackson Hills","Art","true","!"
"914","Old Vines Dedication Series #26","Art","true","914"
"915","Old Vine Dina's Vineyard","Food","false","!"
"916","The Turk Shiraz-Grenache-Cabernet-Mourvèdre","Drinks","false","!"
"917","Primo Franco Dry","Food","true","!"
"918","Carte d'Or Brut 1.5 liters","Drinks","true","!"
"919","Tassinaia","random","false","!"
"920","T.H. Lo Abarca","Art","false","920"
"921","Jester Sangiovese","Art","true","!"
"922","Sicomoro Riserva","random","true","!"
"923","Quinta do Encontro Q do E","Food","false","923"
"924","Mongovone","Art","false","924"
"925","Stone River","Food","false","925"
"926","The Anchorman","random","true","!"
"927","Thurner","Art","true","927"
"928","Aquilae Bio","Art","true","928"
"929","Sinarra","Food","false","!"
"930","Cuvée Paul","Food","true","930"
"931","Langhorne Crossing","Food","false","931"
"932","St. Magdalener","Food","true","!"
"933","Bulizio","Food","true","!"
"934","Sal May's Discovery Vineyard","random","true","!"
"935","Big Easy","Food","true","!"
"936","Spofford Station Estate","Food","true","!"
"937","Audaz Tinto","Drinks","true","937"
"938","Emmy Stone Tree Vineyard","random","true","!"
"939","Mosaïque Rosé Brut","random","false","!"
"940","The Reveler","Food","true","940"
"941","Les Tourelles de Longueville Barrel Sample","random","true","!"
"942","Bacharacher Spätlese Feinherb","Food","true","!"
"943","Charlotte","random","false","943"
"944","Les Pierres Qui Decident","random","false","!"
"945","Langley Late Harvest","Food","true","945"
"946","La Vicalanda Reserva","Art","false","946"
"947","Relentless","Art","true","!"
"948","Heartland","Food","true","948"
"949","Sangiacomo Road Vineyard Blanc de Blancs","Drinks","true","!"
"950","Harry's Cuvée","Food","false","950"
"951","Ashley's","Drinks","false","951"
"952","Broy Bianco","Drinks","true","!"
"953","Lavendette","Art","false","!"
"954","Cirneco","Food","false","!"
"955","Les Vieilles Vignes Les Clos Grand Cru","Art","false","!"
"956","Wallywood Red","Food","true","956"
"957","Losi Millennium Riserva","random","true","957"
"958","La Palma Reserva","random","false","!"
"959","Vignes Franches Premier Cru","Art","true","959"
"960","Stonewall Vineyard","Food","false","960"
"961","30th Anniversary Cuvée Estate Vineyard","Drinks","false","!"
"962","Vis Terrae","Art","true","962"
"963","Inkblot","random","true","963"
"964","Cuvée Estate Grown","Drinks","true","964"
"965","Belle Epoque Edition Première Brut","Art","true","!"
"966","Tonaghe","random","true","!"
"967","Bernkasteler Kurfürstlay Spätlese","random","false","!"
"968","Brandluft","Art","true","!"
"969","Sonnet #63","Drinks","false","!"
"970","Aamackhnoc","random","true","!"
"971","Woodruff Family Vineyard","Food","true","971"
"972","Sojourner Vineyard Pommard Clone","random","false","972"
"973","Gunselman Bench Vineyard","Art","true","!"
"974","Mounts Family Vineyards","random","false","!"
"975","Goulaine Vieilles Vignes","random","true","975"
"976","Petit Vallons","Food","true","976"
"977","Masseria dei Carmelitani","random","false","!"
"978","Dona Helena Coheita","Drinks","false","978"
"979","Château de Rouffiac Séduction","random","true","979"
"980","Poggio Bestiale","Food","true","!"
"981","Satèn Millesimato","Art","true","!"
"982","Castello del Terriccio","Drinks","false","!"
"983","Santi Nello","random","false","983"
"984","Frizzante","Art","false","984"
"985","Davis Vineyard","random","true","985"
"986","Cuvée Louise Brut","Art","false","986"
"987","Beaune du Château Premier Cru","Art","false","!"
"988","Chateau Quattre","random","true","988"
"989","Camporocco","Art","false","!"
"990","Marie's View Wallula Vineyards","Food","false","!"
"991","Sierra de la Demanda","Art","true","!"
"992","Grganja","random","false","992"
"993","Le Monde en Parle","random","false","993"
"994","Wright Creek","Drinks","true","994"
"995","Vintage Reserve","Drinks","false","995"
"996","Latitud 40+","Food","true","!"
"997","Lily Hill","Drinks","false","!"
"998","Hecklinger Schlossberg R Trocken","random","false","998"
"999","Mr. Blanc","Drinks","false","999"
"1000","Podere Bertarole","random","false","!"
"1001","Campomasua","Food","false","1001"
"1002","Maso Montalto","random","true","1002"
"1003","2 Duas Castas","Drinks","true","!"
"1004","Rio Volpe Vineyard Old Vine","Food","false","!"
"1005","Uno di Nove","Food","true","1005"
"1006","Golden Reserve","random","true","!"
"1007","Villa Oliveira Vinha das Pedras Altas","Drinks","false","!"
"1008","Estrella","Art","true","1008"
"1009","Puccioni Vineyard","Art","true","1009"
"1010","Grignano","Art","true","1010"
"1011","Acte 12 of Sixteen Nineteen","Food","true","!"
"1012","Miramonte Vineyards","Art","false","1012"
"1013","Edelgrund","Drinks","true","1013"
"1014","Gli Angeli","random","false","!"
"1015","Rangen Grand Cru Clos Saint Théobald Vendanges Tardives","Food","false","1015"
"1016","Estate Bottled T23 Unoaked","random","false","1016"
"1017","Brut Rosé Grand Cru","random","true","1017"
"1018","Lia's Vineyard","Drinks","false","!"
"1019","Gattera","Art","true","!"
"1020","Valiñas","random","false","1020"
"1021","Colbello Extra Dry","Art","false","1021"
"1022","Woodhenge","Drinks","true","1022"
"1023","Cuvée de l'Aubigue","Drinks","false","!"
"1024","Granato","random","true","!"
"1025","Sauberg Reserve","random","false","!"
"1026","Dahlia Noir","Food","false","!"
"1027","Upper Russian River","Art","false","!"
"1028","Château de Grézels Prestige","Food","false","1028"
"1029","Das Beste","Art","false","1029"
"1030","The Ratbag","Food","true","1030"
"1031","Charles VII Grande Cuvée le Victorieux Brut","Drinks","true","!"
"1032","Portacinco","random","true","!"
"1033","Limited Release Syrah","Art","true","!"
"1034","Skyland Ridge","random","true","1034"
"1035","BT Spanish Inspiration","random","false","!"
"1036","Epicure","Drinks","true","!"
"1037","Espumante Brut Blanc de Blancs","Drinks","true","1037"
"1038","Tank No. 209","Food","false","!"
"1039","Cape Winemakers Guild Sneeusig","Food","true","1039"
"1040","Les Puechs","random","true","1040"
"1041","Clos de l'Obac","Art","false","!"
"1042","Albesani Santo Stefano Riserva","random","false","!"
"1043","Manna Bianco di Mitterberg","Drinks","true","!"
"1044","Dosterras","Art","false","!"
"1045","Ancient Waters","Art","false","1045"
"1046","Studert Prüm Maximinhof Wehlener Sonnenuhr Spätlese","random","true","!"
"1047","Straight Cab","Art","true","1047"
"1048","Masterpiece Reserve White Wine","Drinks","true","!"
"1049","Villa Blanche","Drinks","false","1049"
"1050","The Nth Degree","Food","false","!"
"1051","Donna Luciana","Food","false","!"
"1052","On the Edge","Drinks","true","1052"
"1053","Haut-Médoc de Haut Bages Libéral","random","false","1053"
"1054","Malterdinger Trocken","Art","false","!"
"1055","Atlântico Gold Label Reserva","Drinks","false","!"
"1056","Primo Cerchio","Food","false","1056"
"1057","Käferberg","Drinks","true","!"
"1058","Tabbor Selezione","random","false","1058"
"1059","Grande Cuvée Brut Millésime","Art","false","!"
"1060","Altosur Rosé","Art","false","!"
"1061","Rocca Sveva","Food","false","!"
"1062","Héritage du Temps","Food","true","!"
"1063","Leiwener Laurentiuslay Erste Lage Spätlese","Drinks","true","!"
"1064","Izbrani","Art","false","!"
"1065","Domaine de la Ferté","Food","true","!"
"1066","Différent","Drinks","false","1066"
"1067","Le Cruste","Art","false","!"
"1068","Causse du Bousquet","random","true","!"
"1069","Pigoudet Première","Food","false","!"
"1070","Camel Hill","random","true","!"
"1071","Soldati Brut","Food","true","1071"
"1072","Brutocao Vineyards","Art","false","1072"
"1073","Hors Classe","Art","false","1073"
"1074","Una Notte","Art","false","1074"
"1075","Originals","random","false","1075"
"1076","Aux Clous Premier Cru","Art","false","1076"
"1077","Hitching Post Cork Dancer","Food","true","1077"
"1078","Burgenlandweiß","Art","false","1078"
"1079","Reserve Collection Blanc de Noir","Drinks","true","1079"
"1080","Cuvée du Soleil Red","Drinks","true","!"
"1081","Barrel Select Cuvée","Food","false","!"
"1082","Yauquen","Drinks","false","!"
"1083","Quail Hill Vineyard Block 10","random","true","1083"
"1084","Abstberg Superior","Drinks","true","!"
"1085","Clos St-Jean Premier Cru","Food","true","!"
"1086","Purato Organic Wine","Drinks","true","!"
"1087","Espino Gran Cuvée","Art","false","!"
"1088","Rosa Nautica","Food","false","1088"
"1089","HD Clásico","Drinks","false","!"
"1090","Castelgiocondo Lamaione","Drinks","false","1090"
"1091","Legado de Farro","Food","true","1091"
"1092","Authentic Red","Food","true","!"
"1093","Wurtele Vineyard","Drinks","false","1093"
"1094","Vigneto Bucerchiale","Art","true","1094"
"1095","In Signo Sagittarii","Art","true","!"
"1096","Le Grand Chemarin","random","true","!"
"1097","Reguengos","Drinks","false","1097"
"1098","Hunnysuckle","Drinks","false","1098"
"1099","Les Dressolles","Food","false","!"
"1100","Ried Holzspur Grande Reserve","random","false","1100"
"1101","Medium-Sweet","Drinks","false","!"
"1102","Dor Rara Neagra-Cabernet Sauvignon","Art","false","!"
"1103","Selezione Limpronta","Food","false","1103"
"1104","Cuvée Annamaria Clementi","Food","true","!"
"1105","Jack Barrett","Art","false","!"
"1106","Esprit de Séduction","random","false","1106"
"1107","Northern","Art","true","1107"
"1108","Estate Grown and Bottled Le Blanc","Food","false","!"
"1109","Orion Eiswein","Drinks","false","1109"
"1110","De Chanceny Brut Rosé","Art","true","1110"
"1111","Domaine des Perdrix La Perrière Premier Cru","random","true","1111"
"1112","Creative Impulse","Drinks","false","!"
"1113","Cliff Edge","Art","true","!"
"1114","Vigna d'Alfiero Riserva","Food","false","1114"
"1115","Kanga's Leap","Drinks","false","1115"
"1116","Finca Remota","Drinks","false","!"
"1117","Presdential","Food","true","!"
"1118","Reserve Quintet","Food","true","1118"
"1119","This is Eleven","Drinks","true","1119"
"1120","Quinta do Valdoeiro Colheita","Art","false","1120"
"1121","Sweet Cuvée","Art","false","!"
"1122","Pierre de Tuf","Art","false","1122"
"1123","Poggio Servale","Drinks","false","!"
"1124","Falletto","random","false","!"
"1125","Les Champréaux","Art","false","!"
"1126","Vriccio","Drinks","false","!"
"1127","Les Hauts de Janeil Syrah","Food","false","1127"
"1128","Torquis","Drinks","false","1128"
"1129","San Saba Vineyard","Drinks","false","!"
"1130","Schatz Family Reserve","Food","true","1130"
"1131","Los Vascos Grande Reserve","random","true","!"
"1132","Private Bin Dry","Drinks","true","!"
"1133","Esoterica","Art","false","!"
"1134","3 Generaciones","Drinks","true","!"
"1135","Barrel 16 Estate Grown","random","false","!"
"1136","Bernier","Food","false","!"
"1137","Underdog Dry","Food","true","!"
"1138","Zafir dulo","Drinks","false","!"
"1139","La Maladière Premier Cru","Art","true","!"
"1140","Sauvignon de la Tour","Art","true","1140"
"1141","Vale de Cavalhos","Art","true","1141"
"1142","Fleur de","Food","false","1142"
"1143","Oxford 1.970","Food","false","1143"
"1144","Three Sixty-Five","Art","true","1144"
"1145","Pavillon Rouge de Château Margaux Barrel Sample","Drinks","false","!"
"1146","Domaine de Thalabert","Food","false","!"
"1147","Carbonile","random","true","1147"
"1148","Pfaffenberg Erste Lage","random","false","!"
"1149","Valley Wines","Drinks","false","!"
"1150","Rangen de Thann Grand Cru Clos Saint-Théobald Vendanges Tardives","Food","true","!"
"1151","Gran Reserva by Richard Bonvin","Drinks","false","1151"
"1152","Lillie Vineyard","Drinks","true","!"
"1153","Luna Roja","Food","true","1153"
"1154","Two Lands","random","false","!"
"1155","Le Viognier","random","true","1155"
"1156","Calidonio","random","true","1156"
"1157","L'Esprit de Chevalier","Drinks","true","1157"
"1158","Os Corvos","random","true","!"
"1159","Cyrus Ryan Vineyard","Art","false","!"
"1160","Brauneberger Juffer Auslese","Drinks","true","!"
"1161","Owl & Crown Estate Reserve","Drinks","true","1161"
"1162","Handal-Denier Vineyard","Art","false","1162"
"1163","Maria Carmela","Drinks","true","1163"
"1164","Forster Stift Eiswein","Art","true","1164"
"1165","Andreza Touriga Nacional-Touriga Franca","Food","false","!"
"1166","House of Morande","random","true","1166"
"1167","Hundspoint","random","true","1167"
"1168","Rivalta","Art","true","!"
"1169","Le Valentane Riserva","Drinks","false","1169"
"1170","Mamma Mia","Drinks","true","!"
"1171","Kloof Street","Drinks","true","1171"
"1172","Intrépide","Food","false","!"
"1173","Le Vivier","Drinks","true","1173"
"1174","StevensMerlot","Art","true","1174"
"1175","Cà Florian","Drinks","true","!"
"1176","Envite Crianza","random","false","1176"
"1177","Champ Gain Premier Cru","Food","true","1177"
"1178","Seis Primas","Drinks","false","!"
"1179","Gran Reserva Origen","Art","false","1179"
"1180","Sonoma County Ranches","Art","true","1180"
"1181","Quinta do Cruzeiro Reserva","Food","false","1181"
"1182","Carrément Blanc","Drinks","false","!"
"1183","Domaine des Deux Roches Vieilles Vignes","Drinks","true","!"
"1184","Bataillière Premier Cru","random","true","1184"
"1185","Heritage Clone","Drinks","false","1185"
"1186","Brut Art Déco","Food","true","1186"
"1187","Cape Winemakers Guild Teen Die Hoog","Food","false","!"
"1188","Real Crianza","Art","true","!"
"1189","Montmains Premier Cru","random","false","!"
"1190","Reserve Speciale","Drinks","true","1190"
"1191","Clos de Nouys Sec","Art","true","1191"
"1192","Grechetto di Todi","Art","true","!"
"1193","Demoiselle Grande Cuvée Brut Rosé","Food","false","!"
"1194","Wegat Vineyard","Art","false","1194"
"1195","Herrenberg Auslese","Art","true","!"
"1196","La Fruitière","random","false","!"
"1197","La Côte Blanche","Food","false","1197"
"1198","Palpite Reserva Branco","random","false","1198"
"1199","Morpheus","random","true","1199"
"1200","Im Sonnenschein Grosses Gewächs","Food","false","!"
"1201","Les Lys Premier Cru","random","true","!"
"1202","Cedar Ranch","Food","false","!"
"1203","Brynnan","Art","true","1203"
"1204","Elyssia Pinot Noir Brut","Art","true","!"
"1205","Dos Ninas Vineyard Therese Vineyards","random","false","1205"
"1206","The Blue Note","Drinks","true","!"
"1207","Jesperson Ranch","Food","true","!"
"1208","Good Times, Bad Times Beckstoffer To Kalon Vineyard","Art","false","1208"
"1209","Dulcinea Late Harvest","Drinks","false","!"
"1210","Sant'Anna","Drinks","false","!"
"1211","Etoile Rosé","Food","false","!"
"1212","Le Orme","Food","false","!"
"1213","Tera Mia Riserva","Food","true","1213"
"1214","Reserve Nature Brut","random","false","1214"
"1215","La Chatellenie","Food","true","!"
"1216","Bon Passe Vineyard","random","false","1216"
"1217","Uccellanda","Drinks","false","1217"
"1218","Wetzel Family Estate Grown and Bottled","Food","false","!"
"1219","Harvest Select Sweet","Food","true","1219"
"1220","Castello d'Alba Reserva","Art","false","1220"
"1221","Abtsberg Superior","random","true","1221"
"1222","Dutton Ranch Freestone Hill Vineyard","Art","true","1222"
"1223","Graticciaia","Art","false","1223"
"1224","Dark & Brooding","Drinks","true","1224"
"1225","Pianissimo Made with Organically Grown Grapes Malbec","Art","false","!"
"1226","Fermentado en Barrica","Food","false","!"
"1227","Valle Zangão","random","true","!"
"1228","Tentation Blanc","Drinks","true","1228"
"1229","Olmo's Reward","Drinks","false","!"
"1230","Cyril Henschke","Food","true","1230"
"1231","Spring Creek Ranch","Art","false","!"
"1232","Bella Vita Vineyard","Food","false","1232"
"1233","Coeur de Presse","random","true","!"
"1234","Winemaker's Select Bin #9","random","true","!"
"1235","Craig's Cuvée","Food","true","!"
"1236","Grand Estates Unoaked","Food","false","!"
"1237","Miraval Millesimato Extra Dry","Drinks","true","1237"
"1238","Limited Release X Clones","Art","false","1238"
"1239","Organic Extra Dry","Art","false","!"
"1240","Uriah Red Wine","Drinks","true","!"
"1241","Quinta da Vargellas Vintage","Drinks","true","!"
"1242","Letter Series B","Food","true","!"
"1243","Moscato Spumante Champagne","random","false","1243"
"1244","Ametzberg","random","true","1244"
"1245","Rock Lake Red","Drinks","true","1245"
"1246","De Tradisie","Art","false","!"
"1247","Kabinett Feinherb Wiltinger Alte Reben","random","true","1247"
"1248","Proprietor Red","Art","false","!"
"1249","Spécial Club Chouilly Grand Cru Blanc de Blancs Brut","Art","false","1249"
"1250","Synnove","random","false","!"
"1251","Pavo Real Crianza","Art","false","!"
"1252","Ramazzotti Vineyard","random","false","!"
"1253","Cuvée du Py","Food","false","!"
"1254","Pfeiffer Vineyards","Drinks","true","!"
"1255","Tesoro della Regina","Food","false","1255"
"1256","5 Blocks Wren and Temperance Hill","Food","true","1256"
"1257","Die Lage Reserve","Drinks","false","1257"
"1258","Reserve, Vista del Monte Vineyard","Art","true","1258"
"1259","Cuvée Victoria","random","false","1259"
"1260","Il Mascalese","Art","true","1260"
"1261","Madrigale","Food","false","!"
"1262","Les Clavelles","Drinks","false","1262"
"1263","Young Vines","Art","false","1263"
"1264","Bernkasteler Lay Auslese","Drinks","true","1264"
"1265","Dry Estate Bottled","random","false","1265"
"1266","CH by Chocapalha","Food","true","!"
"1267","Great White Unwooded","Food","false","1267"
"1268","Cuvée Terre de Lumière","Art","false","!"
"1269","Scharzhofberger Brut","random","false","!"
"1270","Vernon Basson","Art","false","!"
"1271","Blanc de Blancs Reserve","Art","false","1271"
"1272","La Rue de Vergy","Art","true","1272"
"1273","Tancredi","Food","false","!"
"1274","Antoine Simoneau","Art","false","1274"
"1275","Five Roses","random","true","1275"
"1276","Grand Cru Brut Blanc de Blancs","Drinks","true","1276"
"1277","Alte Setzen Reserve","Drinks","true","!"
"1278","Genny's Vineyard","random","false","1278"
"1279","Devotion","Food","false","!"
"1280","Monte Real Reserva","Food","false","1280"
"1281","Lady May","Drinks","true","1281"
"1282","Easy To Drink","Food","false","!"
"1283","Suaviter","Art","true","!"
"1284","Johannisberg Wallhausen Erste Lage Trockenbeerenauslese","Food","true","1284"
"1285","Marmorelle","random","false","!"
"1286","Ghielmetti Vineyard Micro-lot Reserve","Art","false","1286"
"1287","Luigi e Giovanni","Art","false","!"
"1288","Sayulita Red","Food","true","1288"
"1289","Florent Descombe","Food","false","1289"
"1290","Premium Series","Food","true","!"
"1291","Piccolo Cru","Drinks","true","1291"
"1292","Cascina Nuova","Drinks","true","1292"
"1293","Pistillo","random","false","!"
"1294","Sagemoor Reserve Vintage","random","false","!"
"1295","Thorn Ridge Ranch","Food","false","1295"
"1296","Showket Vineyard","Art","false","!"
"1297","Le Formelle","random","true","!"
"1298","Pleasant View Vineyard","Food","true","1298"
"1299","Presq'ile Vineyard","Drinks","true","!"
"1300","Aldonza Navamarín","Drinks","true","!"
"1301","Gris Neighbors","Drinks","true","!"
"1302","Danza Roja","random","false","!"
"1303","Carneros Cuvée","Art","false","1303"
"1304","Sweetwater","Food","true","!"
"1305","Monte Meão","Art","false","1305"
"1306","Estate Seven Hills Vineyard","Food","false","1306"
"1307","Conde Vimioso Reserva Branco","Food","false","!"
"1308","Jamison Valley Vineyard Destein Estate","Art","false","!"
"1309","Transcendent","Drinks","true","!"
"1310","Gato Negro","Food","false","!"
"1311","Moinho do Gato","Drinks","false","1311"
"1312","Ellie's Old Vine Vineyard","random","false","1312"
"1313","Z Three Estate Grown and Bottled","Drinks","false","1313"
"1314","Hors Classe Les Ménétrières","Art","true","1314"
"1315","Vigna Rionda","Drinks","false","!"
"1316","Riserva Le Giuncare","Art","false","!"
"1317","Grandioso","Art","false","1317"
"1318","Eastern Exposures","Art","true","1318"
"1319","Synchrony Stagecoach Vineyard","Drinks","true","!"
"1320","Cerequio Riserva","random","false","!"
"1321","Backbone","Food","false","!"
"1322","Rebelde","Food","false","1322"
"1323","Barbet Beau!","Food","true","1323"
"1324","Erbacher Siegelsberg Grosse Lage","Art","true","1324"
"1325","Rock & Vine","Food","true","1325"
"1326","Sweet Rosé","random","false","1326"
"1327","Isabelino Rosado","random","false","!"
"1328","Great Oak Vineyard Suicide Hill","Art","true","!"
"1329","Entre II Santos","Art","true","1329"
"1330","Angel Gully","Drinks","false","!"
"1331","Albatrello","Drinks","false","!"
"1332","Columbine Special Reserve Single Vineyard","random","false","1332"
"1333","Independence Point","Art","true","1333"
"1334","Kyanos Bianco","Food","false","!"
"1335","Bordini Vigna di Montesommo Riserva","Art","true","1335"
"1336","Fronteira Tinto","Food","false","1336"
"1337","Family Cuvée","Drinks","true","!"
"1338","Adega de Pegões","random","true","1338"
"1339","50% CH / 50% SEM","Drinks","true","1339"
"1340","Pezsgo Henye Brut","random","false","1340"
"1341","Tanager Vineyard","Drinks","true","1341"
"1342","Sea Slopes Fort Ross Vineyard","random","false","1342"
"1343","Tenuta Pisicnolo Isados","Drinks","false","1343"
"1344","Les Reversées Premier Cru","Art","false","!"
"1345","Integrity","random","true","!"
"1346","Riva dei Fiori Brut","random","false","!"
"1347","Oliver's Blend","random","true","1347"
"1348","Artz Vineyard Left Blend","random","true","1348"
"1349","Covello","Art","true","!"
"1350","Hey Malbec","Drinks","false","!"
"1351","Babcock Vineyards","Drinks","false","!"
"1352","Velthune","Drinks","true","!"
"1353","Black Glass Estate Vineyard","Drinks","false","1353"
"1354","Le Cave","Art","true","!"
"1355","Les Boudalles","Art","false","!"
"1356","Santos da Casa Reserva","random","false","1356"
"1357","Rubrica","Art","true","!"
"1358","Jimmy's Dream","Food","false","1358"
"1359","Zarzuela","random","false","!"
"1360","Collection Unfiltered","Food","false","1360"
"1361","Riewürz","Food","false","1361"
"1362","Varenne","Drinks","true","!"
"1363","Campo Lindo Fresh","Drinks","false","1363"
"1364","Co Fermented","Food","false","1364"
"1365","Roc d' Aubaga","random","true","!"
"1366","Upright Klipsun Vineyard","Drinks","true","1366"
"1367","Massimo Deicas","random","true","!"
"1368","Flat Block","Food","true","1368"
"1369","Corton Vergennes Grand Cru","Drinks","false","!"
"1370","Lascivious","random","true","1370"
"1371","The Dish","Food","true","!"
"1372","Perlita","Art","true","!"
"1373","Privat Opus Evolutium Gran Reserva Brut Nature","Drinks","false","1373"
"1374","Deadbeat","Drinks","true","!"
"1375","Le Roi Soleil","Art","false","!"
"1376","En Sazenay Premier Cru","Food","false","1376"
"1377","Tilenus Pagos de Posada","Art","true","1377"
"1378","Cuvée Mosaique","Drinks","true","!"
"1379","Dreamweaver","Art","false","!"
"1380","Le Mien","Food","true","1380"
"1381","Riserva Biagio","Art","true","1381"
"1382","Latitude 45","Food","true","1382"
"1383","Septette","Food","true","1383"
"1384","Extra Brut","random","true","1384"
"1385","Traversa","Drinks","true","!"
"1386","Brut Zéro","Drinks","true","!"
"1387","Twelvestones","random","false","!"
"1388","Ribbon Ridge Estate","random","true","!"
"1389","LussoBlu","Food","false","!"
"1390","Sawi Vineyard","Art","true","1390"
"1391","Chemin de Compostelle","random","true","1391"
"1392","L'Excellence des Muraires","Art","false","!"
"1393","Eleanora's Selection","random","true","!"
"1394","Sharecropper's","random","false","1394"
"1395","Hozhoni Vineyard","Art","false","!"
"1396","Chamán Gran Reserva","Drinks","false","!"
"1397","Barbazzale Bianco","Drinks","false","1397"
"1398","Negroamaro","Food","false","1398"
"1399","The Engineer Romanini Vineyard","Drinks","false","!"
"1400","Kimsey Vineyard","Art","false","!"
"1401","Stainless","Art","true","1401"
"1402","Knudsen Vineyard Brut","Food","true","!"
"1403","La Chatenière Premier Cru","Food","false","1403"
"1404","Col Disôre","random","false","!"
"1405","La Grande Bruyère","random","true","1405"
"1406","Rosalack Auslese 375 ml","Art","true","1406"
"1407","Hochterrassen","Food","true","1407"
"1408","Old Vine Jolene's Vineyard","Food","true","!"
"1409","Gran Cuvée Pas Operé","Food","true","1409"
"1410","Swig Vineyard","Art","true","!"
"1411","High Peaks","Drinks","true","!"
"1412","Nicholas Vineyard Wädenswil Clone","Drinks","true","1412"
"1413","Touchdown","Art","false","!"
"1414","River's Red","Food","false","!"
"1415","Weisser Schiefer","Drinks","true","1415"
"1416","Chapel View","random","true","!"
"1417","Semi-Seco Reserva","Drinks","true","!"
"1418","Turriga","random","false","1418"
"1419","Sortesele","Art","true","!"
"1420","Buntsandstein Weisser Burgunder Trocken","random","true","1420"
"1421","Les Amants Mont-Pérat","Drinks","true","1421"
"1422","Klostersekt Brut","random","false","1422"
"1423","Full Circle","random","false","!"
"1424","Barrel Sample","Food","false","!"
"1425","Derby VIneyard","Art","false","!"
"1426","Versátil Tinto","random","false","1426"
"1427","Corton Charlemagne Grand Cru","random","false","1427"
"1428","Los Odios","Drinks","true","1428"
"1429","Corona Creek Vineyard","Art","true","!"
"1430","Poderi di Carlo","Drinks","false","!"
"1431","Stella Maris Red","Art","true","1431"
"1432","Cuvée 113","random","true","1432"
"1433","QED Axiom of Choice","Art","false","!"
"1434","Jacob-Hart Estate Vineyard","random","false","!"
"1435","Four Kings","Drinks","true","1435"
"1436","Zee Original","Art","true","1436"
"1437","Prima Reserva","random","true","!"
"1438","Alcanta","Drinks","true","1438"
"1439","Coast Select Grenache","random","false","1439"
"1440","Cuvée Oris","random","true","1440"
"1441","Gualto Riserva","random","true","!"
"1442","Slice of Pape Red","Food","true","!"
"1443","Lenzi Riserva","Drinks","false","1443"
"1444","Bardosa","Drinks","false","1444"
"1445","Cantalici","Drinks","true","1445"
"1446","Alexandrine Brut Blanc de Blancs","Drinks","true","!"
"1447","Library Selection Estate","Drinks","true","!"
"1448","Domus-Picta Dry","random","false","1448"
"1449","Servo Suo Dry Vendemmia Tardiva","Food","false","1449"
"1450","Ermita d'Espiells","Drinks","true","!"
"1451","Gloria Anne","Food","false","1451"
"1452","Sirocco","Food","false","!"
"1453","Frauenfeld","random","true","1453"
"1454","Il Grigio da San Felice Riserva","random","true","1454"
"1455","Culloden Vineyard","random","false","!"
"1456","Frizzante Spago","Drinks","true","!"
"1457","Traminer Aromatico","Drinks","false","1457"
"1458","Les Marnes","Art","true","!"
"1459","L'Homme Qui Ris Methode Champenoise","Art","false","!"
"1460","Clos la Gaffelière","Drinks","true","1460"
"1461","Las Alturas Vineyard","Food","false","1461"
"1462","Brauneburg Juffer Sonnenuhr Trocken GG","Art","false","!"
"1463","Paparuda Estate Collection","Food","true","!"
"1464","Pendino","random","true","1464"
"1465","Villa Luigia Extra Dry","Food","true","!"
"1466","Le Cacce","Food","false","1466"
"1467","Kiona Vineyard","random","false","1467"
"1468","Corcelette","Art","false","!"
"1469","Cuvée J.J. Lesgourgues","Food","false","!"
"1470","Comtes d'Eguisheim","Food","true","!"
"1471","Mille e una Notte","Art","false","!"
"1472","Melanson Vineyard","Art","false","1472"
"1473","Lindsay's","Art","true","!"
"1474","L'Orciaia","random","true","1474"
"1475","Rejoyce","random","true","!"
"1476","Les Rouelles","random","true","1476"
"1477","Vale de Cavalos","Drinks","false","!"
"1478","Eruption","Art","false","1478"
"1479","Ehrhart Hengst Grand Cru","Art","true","!"
"1480","Hossfield Vineyard","random","false","!"
"1481","Tinto Roa Reserva","Food","true","1481"
"1482","Bad Attitude","random","true","!"
"1483","Murger des Dents de Chien Premier Cru","Drinks","false","!"
"1484","Don Román","Art","true","1484"
"1485","Privat Senftenberger Pellingen Reserve","Art","false","!"
"1486","En Chantone","Food","true","1486"
"1487","Peoples Blend","Drinks","false","1487"
"1488","Single Vineyard Los Lingues","Food","true","1488"
"1489","Villa Oliveira Vinha do Provincio Branco","random","true","!"
"1490","Principium Cuvee","Food","false","1490"
"1491","Small Town","Drinks","false","1491"
"1492","La Creole Reserve","Art","true","!"
"1493","Altweingarten","Art","true","!"
"1494","Lindsay's Vineyard Reserve","random","false","1494"
"1495","Sur le Fort","Art","true","!"
"1496","Burja Noir","Food","false","!"
"1497","Toute une Histoire","Drinks","false","!"
"1498","Becky's Cuvée","Drinks","false","!"
"1499","Hyatt Vineyard","Food","true","!"
"1500","Three Acre Estate","random","false","1500"
"1501","GPS Series Mracheck Vineyard","Food","true","1501"
"1502","Altitude 412","Art","true","!"
"1503","Mission Saint-Vincent","Art","false","1503"
"1504","Mith Red Wine","Food","false","!"
"1505","Wallula Vineyard","random","false","!"
"1506","Trio Vineyard","Food","true","1506"
"1507","Willow Creek Farm Rosé of","random","true","1507"
"1508","Red Door","Art","true","!"
"1509","Domaine la Rabiotte","Food","false","!"
"1510","Demestica","random","true","1510"
"1511","Duemilanove","random","false","!"
"1512","Les Maillettes","Drinks","true","1512"
"1513","Towheuna Pure","Food","false","1513"
"1514","Snowflake White Wine","Drinks","true","1514"
"1515","Randolph O'Neil Vineyard","random","true","1515"
"1516","Rosamara","random","true","!"
"1517","Red Dessert","Art","false","1517"
"1518","Alte Reben Weisser Burgunder","random","true","1518"
"1519","La Terre Promise","Food","false","1519"
"1520","Paradis Pfingsberg Grand Cru","random","false","1520"
"1521","Scharlachberg Bingen Trocken GG Erste Lage","Food","false","!"
"1522","Clone 828","random","false","1522"
"1523","Vers Cras","random","true","1523"
"1524","Op Eximium Cuvée 20","Art","true","1524"
"1525","Cassango","Drinks","true","1525"
"1526","Brut Zero","Food","true","!"
"1527","Sous Frétilles Premier Cru","random","false","1527"
"1528","Synergy Classic","Drinks","true","1528"
"1529","Big Bend Estate","Art","false","1529"
"1530","Felseneck Wallhausen Trocken GG Erste Lage","Food","true","!"
"1531","Claudia","Drinks","false","!"
"1532","Velvet Devil","Food","false","1532"
"1533","La Marega","Drinks","true","1533"
"1534","Cuvée Alexi","Food","true","1534"
"1535","Calanìca Frappato-Syrah","Food","true","!"
"1536","Rapariga da Quinta Colheita Seleccionada Tinto","Art","true","1536"
"1537","Vila Santa Trincadeira","Drinks","true","!"
"1538","Theopetra Estate","Drinks","true","!"
"1539","Moondance Dream","random","false","1539"
"1540","Hendry Ranch","Drinks","true","!"
"1541","Digma Reserva","Food","true","!"
"1542","Pepper Bridge","random","false","!"
"1543","Fiddlestix","random","false","!"
"1544","Blanc de Blancs Grand Cru Brut","Drinks","true","1544"
"1545","Don Miguel Vineyard Estate Grown and Bottled","Art","true","!"
"1546","Alpha Marchigue Vineyard","Art","true","!"
"1547","Riserva Puteus","Drinks","false","!"
"1548","Silberlack Erstes Gewächs","Food","false","1548"
"1549","Riesling 12 Lake Dana Vineyard","random","false","!"
"1550","Amuka Series Marus Single Vineyard","Food","false","1550"
"1551","Euphros De Portola Trail Vineyard","Food","true","!"
"1552","Côtes de Morogues","random","true","1552"
"1553","Zin Master","Art","true","!"
"1554","Ponente Malvazija","Food","true","!"
"1555","Château La Fôret","Drinks","false","!"
"1556","Amulet DeMarco Vineyards","Food","false","1556"
"1557","Voyageur","random","true","!"
"1558","Vilamar Reserva Reerva","random","true","1558"
"1559","Cuvée Sainte-Anne Brut","Art","true","!"
"1560","Updraft White","Food","false","1560"
"1561","Rosa Regale","Art","false","!"
"1562","Guardiavigna","Food","false","1562"
"1563","'Blend 105' Red Wine","Art","false","!"
"1564","Reserve 7","Drinks","false","1564"
"1565","Short Row","Drinks","true","!"
"1566","Small Parcels Wild Grace","random","false","!"
"1567","Hochheim Guts Trocken","Drinks","true","!"
"1568","Bosché Vineyard","Food","false","1568"
"1569","Aluvional","Food","false","!"
"1570","Dulce Lagrimas de Elisa","random","true","1570"
"1571","Chateau La Paws Côte du Bone Roan","Food","false","!"
"1572","Anna's Vineyard Version","Art","false","1572"
"1573","Cuvée de L'Abbé Frégouse","Food","false","!"
"1574","Free Run","Art","false","1574"
"1575","Erbacher Steinmorgen Spätlese","Art","true","!"
"1576","Calliope Vineyard","Art","false","1576"
"1577","Château Pierrouselle","Art","true","!"
"1578","Beaujo Chéri","Food","false","!"
"1579","Unleashed","Drinks","true","!"
"1580","Ancilla","Art","false","!"
"1581","Blue River","Food","true","1581"
"1582","Under the Sea","Drinks","true","1582"
"1583","Contrada C","random","false","1583"
"1584","Marsanne-Roussanne-Viognier","Art","false","1584"
"1585","Winemakers Select","random","true","1585"
"1586","Lot 393","Drinks","false","!"
"1587","Adrian's Reserve","random","false","1587"
"1588","Brillánte Brut Méthode Traditionnelle","Food","true","!"
"1589","Heart of the Hill Vineyard","Art","false","!"
"1590","Grenache/Shiraz","Food","false","1590"
"1591","Steinriegl Federspiel","Food","true","1591"
"1592","Vigna delle Raunate","Drinks","true","1592"
"1593","Kira's Cuvee","random","true","!"
"1594","Synergy 65 Estate Grown","Food","true","!"
"1595","Duarte-Georgetown","Drinks","false","1595"
"1596","Crémant Demi-Sec","Food","false","1596"
"1597","Chemin des Murs","Food","false","!"
"1598","West Slope","Art","true","1598"
"1599","Colter's Creek Estate","Food","false","!"
"1600","Variations","random","false","1600"
"1601","Prüm Blue Kabinett","Food","false","!"
"1602","Vinha da Urze Reserva Branco","Food","false","1602"
"1603","The Pundit","Food","true","!"
"1604","Trefiano","Food","false","!"
"1605","Cross Creek Vineyard","random","true","1605"
"1606","Late Harvest Botrytis Reserva - 375 ml","Art","false","!"
"1607","Notturno","Food","true","!"
"1608","Block 9 114","Drinks","false","!"
"1609","Riserva Berardo","random","true","!"
"1610","Paradoxo","Food","false","1610"
"1611","Terre Brune","random","false","1611"
"1612","Dona Helena Reserva","Art","true","!"
"1613","Matthew's","Food","false","1613"
"1614","Le Parvis","random","false","1614"
"1615","Toques et Clochers Brut","Drinks","true","!"
"1616","Honah Lee White","Art","false","1616"
"1617","Maria Mora Reserva","Drinks","true","!"
"1618","El Palomar","Art","true","!"
"1619","Rhett's Revenge","Art","true","1619"
"1620","Block 216 Clone 5 Pommard","Food","false","1620"
"1621","Unfiltered Single Vineyard Late Bottled Vintage","Drinks","true","1621"
"1622","Petit Gris","random","true","1622"
"1623","Single Vineyard Garuma","random","true","1623"
"1624","Blanchots Grand Cru","random","false","1624"
"1625","The Premier","random","false","1625"
"1626","Cè Vanin","Art","true","!"
"1627","Basado en Hechos Reales","random","false","!"
"1628","Widowmaker En Chamberlin Vineyard","Food","false","!"
"1629","Native Yeast","random","false","!"
"1630","Five Thirteen","random","true","1630"
"1631","Three Sixty Bucher Vineyard","Art","true","!"
"1632","Kohloss","Drinks","false","!"
"1633","Calderara Sottana Bianco","Drinks","false","!"
"1634","Cuvée Traditionelle Brut","Drinks","true","!"
"1635","Sans Soufre Ajouté","random","false","1635"
"1636","Luxuria","Drinks","true","1636"
"1637","Millennium Gran Selezione","Food","true","1637"
"1638","Coronato","Food","true","1638"
"1639","VZ Vintage","random","false","!"
"1640","Longevity Red","Drinks","false","1640"
"1641","Les Abeillons","Drinks","true","1641"
"1642","Old Vines Reserva","random","false","1642"
"1643","Prugnolo","random","false","1643"
"1644","Valley Oaks White","Drinks","false","!"
"1645","Sorì Rio Sordo","Art","false","1645"
"1646","Domaine Fontval Grenache-Mourvèdre","random","true","1646"
"1647","Scharzhoferger Spätlese","random","false","!"
"1648","Unorthodox Caliza Vineyards / Alta Colina Vineyards","Art","false","1648"
"1649","Mescolare Red Wine","random","true","!"
"1650","Loboroxo","Art","false","1650"
"1651","Baci's Bin 32 Founder's Blend","Art","false","!"
"1652","Coast Select","Art","false","1652"
"1653","Roennfeldt Road Goose-yard Block","Food","false","1653"
"1654","Big Shot Vineyard","Food","false","!"
"1655","Aux Vignes Clos Rebberg","random","false","!"
"1656","Libération","Food","false","!"
"1657","Les Églantiers","Drinks","true","1657"
"1658","Cape Winemakers Guild CWG","Food","true","1658"
"1659","Bald Mountain","Art","false","!"
"1660","Expresion","random","true","!"
"1661","Arbore Sacra","random","false","1661"
"1662","Purisima Mountain Vineyard","Art","true","1662"
"1663","Les Abeilles de  Colombo","Drinks","true","!"
"1664","Prinz Salm Johannisberg Wallhausen Auslese","random","true","!"
"1665","Côtes de Tablas Blanc","Art","false","!"
"1666","A Jo Elet","Art","true","!"
"1667","Vinha das Servas","random","true","!"
"1668","Voliero","Drinks","false","!"
"1669","Castillo de Alicante Gran Selección Monastrell","random","false","!"
"1670","Pedernal","Food","false","!"
"1671","Out of Sight Vineyard","Food","true","1671"
"1672","Albiano","Food","false","1672"
"1673","Riedencuvée","Art","false","1673"
"1674","Taptiel Vineyard","Art","true","1674"
"1675","Grâce Red","Food","false","1675"
"1676","Climat Les Clos Reyssié","Art","true","!"
"1677","Saint-Pierre Rosé Brut","random","false","1677"
"1678","Viña Santurnia Crianza","Art","true","!"
"1679","Abbott Claim","Food","true","!"
"1680","Réserve Louis Leyre-Loup","Art","true","!"
"1681","Botani Dry","Art","false","1681"
"1682","Lytton Springs","Food","false","!"
"1683","Pato Frio Grande Escolha","Drinks","false","!"
"1684","Lui Selection","random","false","!"
"1685","L'Elégance","Food","true","1685"
"1686","Falcon's Perch","random","false","!"
"1687","Sarah Jane's Block Reserve","random","false","!"
"1688","Aconcagua Costa Single Vineyard","Art","false","1688"
"1689","Reserve Cuvée Brut Made With Organically Grown Grapes","Food","true","1689"
"1690","Stillwater Creek Vineyard","Art","false","!"
"1691","Tsarine Brut","Art","true","!"
"1692","Defesa do Esporão","random","true","1692"
"1693","Sunnyside Vineyard","Art","true","!"
"1694","Mountain Sun","Food","true","!"
"1695","Les Bateaux Merlot","random","true","!"
"1696","Cuvée Brut Rosé","Art","false","1696"
"1697","Estate Grown and Bottled Dry","Art","true","!"
"1698","Genception of Giants","random","false","!"
"1699","Double Lariat","random","false","!"
"1700","Serego Alighieri 650 Anniversario","Art","false","!"
"1701","Nutaru Metodo Classico","Art","true","1701"
"1702","Riesling 12 Hanging Delta Vineyard","Food","true","1702"
"1703","Ponsalet Jove","Drinks","false","1703"
"1704","Dutton Ranch Kyndall's Reserve","Drinks","false","1704"
"1705","Diva Spätlese","Food","false","1705"
"1706","Borromeo Riserva","random","true","1706"
"1707","McKinley Springs","random","false","1707"
"1708","Nicasia","random","false","!"
"1709","Berry Burst","Drinks","false","!"
"1710","Essencia","Drinks","true","1710"
"1711","Inertia","Food","true","!"
"1712","Lot 156","Drinks","true","!"
"1713","Stromsoe Vineyard","Food","false","!"
"1714","Perli Vineyards","Food","true","1714"
"1715","Red Note","Drinks","true","1715"
"1716","Red No. 249","Art","true","1716"
"1717","Ramal Vineyard Dijon Clones Estate Vineyard Series","Food","true","!"
"1718","Ruhl Vineyard","Drinks","true","!"
"1719","Portal do Fidalgo","Food","true","!"
"1720","Château des Déduits","Drinks","false","1720"
"1721","Vyborny Vineyard Single Vineyard Selection","Drinks","false","1721"
"1722","Andromeda Devil's Gulch Ranch","Drinks","false","1722"
"1723","Vigneto Poiega","Drinks","false","!"
"1724","Hospices de Belleville","Art","true","!"
"1725","Tribute Red","Drinks","false","1725"
"1726","Serra della Contessa Rosso","random","true","!"
"1727","Casa De Vinas Reserve","Food","false","!"
"1728","Estate Vineyard Etzel Block","Food","false","!"
"1729","C'est Si Bon Naggiar Vineyard","Drinks","true","1729"
"1730","Aeroplanservaj","Food","true","!"
"1731","VVV Valleys","random","false","1731"
"1732","V Douce France","random","true","1732"
"1733","Kaseler Dominikaneberg Kabinett","Food","false","1733"
"1734","Goedeck-Liu Vineyard","random","false","!"
"1735","Larry Venturi Vineyard","Food","true","1735"
"1736","Caciara","random","true","1736"
"1737","Te Arai Vineyard","Food","false","!"
"1738","Cheryl's","Food","true","1738"
"1739","Reserve Sparkling","Art","true","1739"
"1740","Quinta da Fonte do OuroTinto Reserva","Art","true","!"
"1741","Escultor","Drinks","false","!"
"1742","Cirsion","Food","true","!"
"1743","Chameleon","Drinks","false","!"
"1744","Clotilde","random","false","!"
"1745","Sustainably Farmed Estate Grown and Bottled","Drinks","false","1745"
"1746","Pestoni Family Spring Creek Vineyard","random","true","!"
"1747","Wehlener Sonnenuhr GG Old Vines Dry","Drinks","true","1747"
"1748","Entre dos Santos","Drinks","true","1748"
"1749","Tinto Figuero 12 Crianza","random","false","!"
"1750","Meursault Blagny Premier Cru","Drinks","true","!"
"1751","Triple C Estate Bottled","Drinks","false","1751"
"1752","La Croix de Bourseau","Food","true","!"
"1753","Falcon Series Tribute","random","false","!"
"1754","Corredera Amontillado","Food","true","!"
"1755","Domaines du Château de Riquewihr Les Murailles","Drinks","true","!"
"1756","Mélange Blanc","random","true","1756"
"1757","Château Grand Marchand","random","true","1757"
"1758","Quinta de Pancas Selecção do Enólogo","random","true","!"
"1759","Rolona del Comune di Gavi","random","true","!"
"1760","Lee Vineyard","random","false","!"
"1761","Les Pimentiers","Drinks","false","!"
"1762","Pig Pen Vineyard Deaver Ranch","random","true","1762"
"1763","Viña Pomal Alto de la Caseta","random","true","1763"
"1764","Perdriel Single Vineyard","Drinks","false","!"
"1765","Kreimelberg Privat","Food","false","1765"
"1766","The Lost Watch","Food","false","1766"
"1767","Private Reserve Estate","Drinks","true","!"
"1768","Poruzots Premier Cru","random","true","!"
"1769","Symphonie","random","false","1769"
"1770","Baker Ridge Vineyard Estate","Art","true","1770"
"1771","On Skin Rosé of","Art","true","!"
"1772","La Mezcla","Food","false","!"
"1773","Les Hauts de la Gaffelière","Drinks","true","!"
"1774","Halter Ranch Côtes de Paso Blanc","Art","false","!"
"1775","Segredos de São Miguel","Food","true","!"
"1776","Domaine de la Batie","Food","false","1776"
"1777","Sonoma Brut","random","true","1777"
"1778","Weinberge","random","false","!"
"1779","Pathway Single Estate","Drinks","false","1779"
"1780","Domus Aurea Passito","Art","true","1780"
"1781","Torre Pieve","Drinks","false","!"
"1782","Cenit VDC Old Vines","Food","false","!"
"1783","Vigna Trinità","Art","true","!"
"1784","La Louvée Syrah","random","false","!"
"1785","Rosé Heritage Brut","Food","true","!"
"1786","Cuvée Natalie","random","true","!"
"1787","Woolsey Road Vineyard","Art","false","1787"
"1788","Element 116 LV","Food","false","!"
"1789","Kiedrich Turmberg Auslese","Art","false","!"
"1790","Anna Maria","Art","false","1790"
"1791","The Audition Take 1","Drinks","false","1791"
"1792","Crossed Paths Dusty","Art","false","1792"
"1793","Soil Blanco de","random","true","!"
"1794","Endeavour","random","true","!"
"1795","Riviera","Drinks","false","1795"
"1796","Tripartite","random","false","1796"
"1797","Cuvée Agincourt Blanc de Blanc Brut","Drinks","false","1797"
"1798","Gran Enemigo Agrelo","Food","true","1798"
"1799","Domaine Héritiers Paul Chanson","Art","true","!"
"1800","Rosé été","Food","true","!"
"1801","Estela Solera","random","false","!"
"1802","Le Bancole","Food","false","1802"
"1803","Berghausener","random","false","!"
"1804","Quinta dos Poços Grande Reserva","Art","false","1804"
"1805","Apogee Pepper Bridge Vineyard","random","true","!"
"1806","Tribute Riverbend Vineyard","Food","false","!"
"1807","Aux Champs Perdrix Premier Cru","Drinks","true","!"
"1808","Castiglioni","Art","true","1808"
"1809","Ottantuno Gran Selezione","Art","false","1809"
"1810","La Pièce","Drinks","false","1810"
"1811","Bricco Boschis Riserva Vigna San Giuseppe","Drinks","false","!"
"1812","Bien Nacido Hillside Estate","Drinks","true","1812"
"1813","Valeirano","random","false","!"
"1814","Grist Vineyard","Art","false","!"
"1815","Herencia del Capricho","Art","true","!"
"1816","Premier Cru Grande Réserve Brut","Art","false","!"
"1817","Réserve Louis Leyre-Loup Cuvée d'Exception","Food","false","!"
"1818","Bistro Wine","random","false","!"
"1819","Riserva Castelgreve","Art","true","!"
"1820","Baldoochi Old Vine","Drinks","true","1820"
"1821","Bon Vin Rouge","Drinks","false","1821"
"1822","The First Paddock Gibbston Vineyard","Drinks","false","!"
"1823","9 Barricas","Food","false","1823"
"1824","Signature Collection","Art","false","1824"
"1825","Roskamp VIneyard Block Two","Food","true","!"
"1826","Altano Reserva","Drinks","true","!"
"1827","Flanerie Vineyard","Drinks","false","!"
"1828","Bleu Saphir","Drinks","false","!"
"1829","Piesport Edelsüss Auslese","random","false","!"
"1830","Brut Le Rosé","Art","true","!"
"1831","La Moza Calabrés","Drinks","true","!"
"1832","Combes au Sud Premier Cru","Art","false","1832"
"1833","Kabinett Trocken","random","false","!"
"1834","Blaufränkisch Cabernet","Art","true","!"
"1835","Roche Rose","random","false","!"
"1836","Redinoce Riserva","Drinks","false","1836"
"1837","Vive-la-Joie Brut","Art","true","1837"
"1838","East Ridge","Art","false","!"
"1839","Cister da Ribeira Branco","random","false","1839"
"1840","La Lionne","random","true","!"
"1841","Old Vine Zinfandel","Art","true","1841"
"1842","The Fuder Single Vineyard Selection Matthews Lane","Food","false","!"
"1843","Frank Potts Red Wine","Food","true","1843"
"1844","Marsanne","Drinks","true","!"
"1845","Carte Noire Brut Grand Cru Blanc de Blancs","Art","false","!"
"1846","Kashmir","Art","false","!"
"1847","Reserva dos Amigos","random","false","1847"
"1848","Azuré Sur Lie","Drinks","true","!"
"1849","Schaapenberg Vineyard Reserve","random","false","1849"
"1850","Cavallo delle Fate","random","true","!"
"1851","PV Tawny Port Collections","Art","false","!"
"1852","Finesse Absolue Premier Cru Brut","Drinks","false","!"
"1853","Il Mulinello","Art","false","1853"
"1854","Domaine Vallon des Cigales","Food","false","1854"
"1855","Le Phare Merlot","Food","true","!"
"1856","Barriques","Drinks","false","1856"
"1857","La Fermade","Drinks","true","!"
"1858","Archival I","Art","false","!"
"1859","Two Brothers' Private Selection","Drinks","true","!"
"1860","Auréoline","random","false","!"
"1861","Private Stash #9","random","false","1861"
"1862","Cuvée Leonora","Drinks","false","1862"
"1863","Piesporter Goldtröpfchen Auslese Goldkap","Art","true","!"
"1864","Georgetown Divide","random","false","1864"
"1865","Château d'Or Sparkling Rose","Art","true","!"
"1866","Clos la Royauté","Drinks","true","1866"
"1867","Il Drappo","Drinks","true","1867"
"1868","Shiraz-Petit Verdot-Viognier","Drinks","false","!"
"1869","Palengat Red Wine","Food","true","!"
"1870","Corley Reserve","Drinks","true","1870"
"1871","Valle de Napa","Art","false","1871"
"1872","Aromatic Blend","Art","false","1872"
"1873","Slice of Pape Blanc","Food","false","1873"
"1874","Alain de la Treille Le Rosé","Food","false","1874"
"1875","Blackjack Block","Art","false","!"
"1876","Estate Bottled Brut","Food","true","!"
"1877","Megahertz","Art","true","!"
"1878","Terras de Fialho","Food","true","1878"
"1879","Spofford Station Vineyard","random","false","1879"
"1880","Negraro","Art","false","!"
"1881","Acinatico 500ml","Drinks","false","1881"
"1882","Yamhill Cuvée","random","false","!"
"1883","Solomon Hills Vineyard","Food","true","!"
"1884","Home Pitch Block 1","Art","true","!"
"1885","Viña Real Gran Reserva","Art","false","!"
"1886","14 Months Barrel Aged Kosher","Art","true","!"
"1887","Usual Suspects","Drinks","false","1887"
"1888","Dalton Vineyard Marsanne-Roussanne","Drinks","true","1888"
"1889","Blanc de Robles","random","false","1889"
"1890","Spécial Club Grand Cru Brut","Art","false","1890"
"1891","Hochheimer Domdechaney Erstes Gewächs","Drinks","true","1891"
"1892","Elevation Old Vine","Drinks","false","!"
"1893","Estate St. Helena Highway","Drinks","true","!"
"1894","Un-Oaked","random","false","!"
"1895","Dessimis","random","false","!"
"1896","Espirito","random","true","!"
"1897","White Fox","random","false","1897"
"1898","Blue Waters","Drinks","true","!"
"1899","Cuvée Speciale","Art","false","!"
"1900","Morgan Station","Drinks","true","1900"
"1901","Clos de l'Arlot Blanc Premier Cru","Drinks","true","!"
"1902","Estate Riverbend Vineyard","Drinks","true","!"
"1903","Botrytis","Drinks","true","!"
"1904","Dulcemar","Food","true","!"
"1905","Puerto Viejo Single Vineyard Reserve","Drinks","true","1905"
"1906","Santa Cecilia","random","false","!"
"1907","Aroha Vineyard","Art","true","1907"
"1908","Wiltinger Alte Reben","random","true","1908"
"1909","Pé Tinto","Food","true","!"
"1910","7200 Grassini Family Vineyard","Art","false","!"
"1911","Leverage","Drinks","true","1911"
"1912","Special Cuvée Limited Release Reserva","Art","false","!"
"1913","Josephshöfer Kabinett","random","false","!"
"1914","Sirì d'Jermu","Drinks","true","!"
"1915","La Côte Rôtie","random","true","1915"
"1916","Columbia View Vineyards","random","true","!"
"1917","Al-muvedre","Food","true","1917"
"1918","Estate Collection Branco","Drinks","true","1918"
"1919","Highflyer","Food","true","1919"
"1920","Victory Reserve","Drinks","false","1920"
"1921","Reserve Sleepy Hollow Vineyard","random","true","1921"
"1922","Fort Ross Vineyard","Food","false","1922"
"1923","Mas Suau Brut Nature","random","false","1923"
"1924","Cuvée D Rosé","Art","true","!"
"1925","Unrestricted Passito","random","true","!"
"1926","Raven Oaks VIneyards","Food","true","1926"
"1927","Deviant Velocity","Drinks","true","!"
"1928","Passito Villa Monticelli","Drinks","false","1928"
"1929","Torcicoda","Art","false","1929"
"1930","Chardonnay-Viura-Muscat","random","true","!"
"1931","L'Ombre Fraîche","Food","true","1931"
"1932","Trianon","Drinks","false","!"
"1933","Grazioso Made with Organically Grown Grapes","Food","false","1933"
"1934","Land's Edge","Art","true","!"
"1935","Shibumi Vineyard","Art","true","!"
"1936","Carvalhas Branco","Food","false","!"
"1937","Hommage à André Trénel","Drinks","true","!"
"1938","Stakes Race","Food","true","!"
"1939","Steinmassl Reserve","Drinks","false","1939"
"1940","Pink Pape Blackrock Vineyard","Food","false","!"
"1941","Syrah du Soleil","Drinks","true","!"
"1942","Apegadas Quinta Velha","Drinks","true","1942"
"1943","Vigna La Casina Riserva","Art","false","!"
"1944","Chante des Vignes","random","false","!"
"1945","Tilting at Windmills Old Gristina Vineyard","Drinks","true","!"
"1946","Le Clos de Bannon","random","true","!"
"1947","Gaissberg","Food","false","!"
"1948","Condesa de Sarabella","Food","false","1948"
"1949","Visol Gran Reserva Brut Nature","random","false","!"
"1950","Por que No?","Art","false","1950"
"1951","Willie Mae","Art","false","!"
"1952","Gebling","random","true","1952"
"1953","Devoto Vineyard","random","true","!"
"1954","Mangan East Block","Art","true","!"
"1955","Big River Ranch Vineyard Series","Food","true","1955"
"1956","Nicholas Estate Dry","Art","true","!"
"1957","Dry Pinot","Art","false","!"
"1958","Arsenal","Food","false","1958"
"1959","Lena di Mezzo","Art","false","1959"
"1960","Don Miguel Vineyard Estate Grown & Bottled","Art","false","!"
"1961","Perpetual","Drinks","true","!"
"1962","Millesimato Brut","Drinks","true","1962"
"1963","Susucaru 2 Rosato","Art","false","1963"
"1964","Alina Medium Dry White Wine","Drinks","false","!"
"1965","Bricco Battista","Art","false","1965"
"1966","Le Phare","random","false","!"
"1967","Estates Reserve","Drinks","false","!"
"1968","Château Bouscassé Vieilles Vignes","random","false","!"
"1969","Violetta Estate Late Harvest","Food","false","1969"
"1970","Heritage Blanc Vintage","Art","false","!"
"1971","Satisfaction","random","true","1971"
"1972","Sino da Romaneira","Drinks","true","1972"
"1973","Vegnie Vecie","Food","false","1973"
"1974","Quinto Elemento Reserva Chão Calcário","random","false","1974"
"1975","Love Ranch Vineyard","Drinks","false","!"
"1976","Eaglepoint Ranch","Food","true","1976"
"1977","Cuvee Juveniles","Food","false","1977"
"1978","Brohaugh","Drinks","false","1978"
"1979","Château de Chamirey En Pierrelet","Art","false","!"
"1980","Sämling 88 Leicht & Fruchtig","Art","false","!"
"1981","Marina Espumante Brut Chardonnay-Merseguera-Macabeo 10°","Art","false","1981"
"1982","Eleanor's 114","Art","true","1982"
"1983","Le Petit Mouton Barrel Sample","random","true","!"
"1984","GR5 Senders","Drinks","false","1984"
"1985","Amparo Estate","Drinks","false","!"
"1986","Les Coûtes","Art","true","!"
"1987","Bud Burst","Drinks","false","1987"
"1988","Cashmere Passito 375ml","Food","false","!"
"1989","Intuition","Art","true","1989"
"1990","Les Terrasses de Colas","Drinks","true","1990"
"1991","Grand Veneur","Food","true","1991"
"1992","Schlossberg","random","false","1992"
"1993","Belle Filles Vineyard","random","false","!"
"1994","Reserve Smith Orchard","Food","true","!"
"1995","Grand'Arte Rosé","random","false","!"
"1996","Les Grands Groux","Art","true","1996"
"1997","Domaine des Deux Roches Les Cras","random","true","1997"
"1998","Zinnkoepflé Grand Cru Sélection de Grains Nobles","Art","false","1998"
"1999","Serenade Vineyard","Drinks","false","!"
